name,value
OK,OK
AGREE,
REFUSE,
CANCEL,
SUCCESS,
FAIL,
BUY,
GOTO,GO
TIME_UNIT_MONTH,
TIME_UNIT_DAY,
TIME_UNIT_HOUR,
TIME_UNIT_MIN,
TIME_UNIT_SEC,
INPUT_CANNOT_BE_EMPTY,
STRING_LENGTH_LIMIT,
GET_CONFIG_FAILD,
UNABLE_TO_CONNECT_TO_SERVER,
INVALID_TOKEN,
INVALID_ENTRY_ID,
SERVER_ERROR,
INVALID_PARAM,
SERVER_IS_FULL,
DUPLICATE_NAME,
ILLEGAL_NAME_LENGTH,
ILLEGAL_NAME,
PASSPORT_CANT_BE_NULL,
CONFIRM_REPLACE_ARMOR,
USER_LEVEL_INVALID,
ARMOR_SCORE_FORMAT,
ARMOR_LEVEL_FORMAT,
DUNGEON_WIN_RATE,
DUNGEON_EXP_ADD_RATE,
SKILL_LOCK,
SKILL_CONTINER_LOCK,
CUR_DUNEGON_IS_LOCK,
CUR_MAP_IS_LOCK,
BOSS_TIAO_ZHAN,
BOSS_SAO_DANG,
BUY_BOSS_FIGHT_COUNT_COST,
FAST_FIGHT_COST,
BOSS_FIGHT_WIN_RATE_NOUT_ENOUGH,
USE_GOODS_TO_GET_BOSS_FIGHT_COUNT,
REACH_USE_MAX_COUNT_TODAY,
IS_FIGHING_BOSS,
ALREADY_IN_DUNGEON,
DO_CHANGE_DUNGEON,
STRENGTH,
AGILITY,
INTELLIGENCE,
STAMINA,
MAX_HP,
MAX_MP,
MIN_ATTACK,
MAX_ATTACK,
DEFEND,
PHYSC_DEF,
MAGIC_DEF,
HIT,
DEHIT,
CRIT,
DECRIT,
MP_RECOVER,
CUR_HP,
CUR_MP,
ATTACK_ADD,
HP_ADD,
HIT_ADD,
DEFEND_ADD,
DECRIT_ADD,
DEHIT_ADD,
CRIT_ADD,
CRIT_DAMAGE_ADD,
DRAIN_HP,
DEFEND_IGNORE,
PHYSC_DEF_IGNORE,
MAGIC_DEF_IGNORE,
PHYSC_DEF_ADD,
MAGIC_DEF_ADD,
DEBUFF_RESIST,
HP_RECOVER,
BOUNCE_RATE,
EXP_ADD,
EXP,
VIP_EXP,
COIN_ADD,
COIN,
GOLD,
MEDAL,
FUSION,
ESSENCE,
GEM_TICKET,
PRESTIGE,
DEBRIS,
SUMMON_SCORE,
HONOR,
STAR_STONE,
HIGH_QUALITY_RATE,
ARMOR_ATTR_PART1,
ARMOR_ATTR_PART1_ITEM,<size=25><color=#FFFFFF>{text}</color></size>
ARMOR_ATTR_PART2,
ARMOR_ATTR_PART2_ITEM,<size=25><color=#FF882C>{text}</color></size>
ARMOR_ATTR_PART3,
ARMOR_ATTR_PART3_ITEM,<size=25><color=#FF0000>{text}</color></size>
TIME_SECOND,s
TIME_MINUTE,m
TIME_HOUR,h
STRENGTHEN_LEVEL_MAX,
CONFIRM_INHERIT_AND_REPLACE_ARMOR,
ARMOR_FULL,
HERO_FULL_IN_BATTLE,
HERO_IN_ADVENTURE,
XILIAN_ATRRIBUTE_ONLY_ONE,
GEM_TICKET_NOT_ENOUGH,
GEM_SLOT_OPEN_REQUEST,
BAG_ADD_CAPACITY,
SELL_GOODS,
GEM_PART,
WIN_RATE_NOT_ENOUGH,
ALREADY_IN_TARGET_DUNGEON,
ZHU_WU,
TOU_KUI,
FU_SHOU,
XIONG_JIA,
JIE_ZI,
HU_TUI,
HU_SHOU,
YAO_DAI,
XIANG_LIAN,
XIE_ZI,
SUMMON_REWARD_LEFT,
WHITE,
GREEN,
BLUE,
PURPLE,
ORANGE,
RED,
SUMMON_FREE_COUNT,
SUMMON_BUTTON_LABEL,
NOT_ENOUGH,
BATTLE_REPORT_ENEMY_APPEAR,
BATTLE_REPORT_VICTORY,
BATTLE_REPORT_DEFEAT,
BATTLE_REPORT_AWARD,
BATTLE_REPORT_SEARCH_ENEMY,
BATTLE_REPORT_ROUND_BEGIN,
ARENA_TARGET_USER_ERROR,
ARENA_REPORT_SUBTITLE_1,
ARENA_REPORT_SUBTITLE_2,
ARENA_RANK,
CONFIRM_SIGN_UP_HONOR_ARENA,
NOT_CHANGE,
ARENA_SHOP_GOODS_DATA_ERROR,
ARENA_SHOP_GOODS_BUY_COUNT_LIMIT,
SUCCESS_BUY,
REACH_MAX_BAG_ARMOR_CAPACITY,
STILL_FIGHT,
LEFT_TIME,
COST_TIME,
HERO_STATE_FREE,
HERO_STATE_BATTLE,
HERO_STATE_ADVENTURE,
ADVENTURE_QUEUE_FULL,
DAILY_ADVENTURE_TIMES_EMPTY,
ADVENTURE_SPEED_CONFIRM,
ADVENTURE_CANCEL_CONFIRM,
ARENA_CHALLENGE_REFRESH_SUCC,
WU_JIANG,
MOU_SHI,
GONG_JIANG,
WU_JIANG_DESC,
MOU_SHI_DESC,
GONG_JIANG_DESC,
ARENA_LEFT_CHALLENGE_COUNT_NOT_ENCOUGH,
ARMOR_CAN_DEVOUR_EMPTY,
SKILL_CONTINER_UNSELECT,
HERO_UNSELECT,
SPECIAL_ADVENTURE_CHANGE,
USER_INTRODUCTION_DEFAULT,
USER_GUILD_NAME_DEFAULT,
SIGN_IN_TITLE,
SIGN_IN_BUBBLE_TIPS,
SIGN_IN_MAKE_UP_ALERT,
SIGN_IN_TODAY_IS_ENDING,
GODDESS_BLESS_TITLE,
GODDESS_BLESS_SUBTITLE,Angel Bless
GODDESS_BLESS_DESC_TITLE_2025,
GODDESS_BLESS_DESC_TITLE_2023,
GODDESS_BLESS_DESC_TITLE_2019,
GODDESS_BLESS_DESC_TITLE_2014,
GODDESS_BLESS_DESC_TITLE_2012,
GODDESS_BLESS_DESC_TITLE_2011,
GODDESS_BLESS_DESC_TITLE_2016,
GODDESS_BLESS_DESC_TYPE_0,
GODDESS_BLESS_DESC_TYPE_1,
GODDESS_BLESS_DESC_TYPE_2,
GODDESS_BLESS_DESC_TYPE_3,
GODDESS_BLESS_DESC_TYPE_4,
GODDESS_BLESS_DESC_TYPE_5,
ACTIVITY_NEWBIE_TITLE,
ACTIVITY_NEWBIE_TAB_TRIAL_TITLE,
ACTIVITY_NEWBIE_TAB_TRIAL_SUBTITLE,
ACTIVITY_NEWBIE_TAB_LOGIN_TITLE,
ACTIVITY_NEWBIE_TAB_LOGIN_SUBTITLE,
ACTIVITY_NEWBIE_TAB_BUNDLE_TITLE,
ACTIVITY_NEWBIE_TAB_BUNDLE_SUBTITLE,
ACTIVITY_NEWBIE_TIME_REMAIN_LABEL,
ACTIVITY_NEWBIE_TIME_REMAIN,
ACTIVITY_NEWBIE_ALERT_NOT_OPENED,
ACTIVITY_NEWBIE_TRIAL_TASK_TYPE_0,
ACTIVITY_NEWBIE_TRIAL_TASK_TYPE_1,
ACTIVITY_NEWBIE_TRIAL_TASK_TYPE_2,
ACTIVITY_NEWBIE_TRIAL_TASK_TYPE_4,
ACTIVITY_NEWBIE_TRIAL_TASK_TYPE_5,
ACTIVITY_NEWBIE_TRIAL_TASK_TYPE_6,
ACTIVITY_NEWBIE_TRIAL_TASK_TYPE_7,
ACTIVITY_NEWBIE_TRIAL_TASK_TYPE_8,
ACTIVITY_NEWBIE_TRIAL_TASK_TYPE_9,
ACTIVITY_NEWBIE_TRIAL_TASK_TYPE_10,
ACTIVITY_NEWBIE_TRIAL_TASK_TYPE_11,
ACTIVITY_NEWBIE_TRIAL_TASK_TYPE_12,
ACTIVITY_NEWBIE_TRIAL_TASK_TYPE_13,
ACTIVITY_NEWBIE_TRIAL_TASK_TYPE_14,
ACTIVITY_NEWBIE_TRIAL_TASK_TYPE_15,
ACTIVITY_NEWBIE_TRIAL_TASK_TYPE_99,
ACTIVITY_NEWBIE_TRIAL_ACTIVE_NOT_ENOUGH,
ACTIVITY_NEWBIE_TRIAL_BUY_CONFIRM_ALERT,
ACTIVITY_HOLIDAY_EXCHANGE_NOT_ENOUGH,
ACTIVITY_GOODS_NOT_ENOUGH,
TASK_BUTTON_RECEIVE,
TASK_BUTTON_RECEIVED,
TASK_BUTTON_GO,GO
TASK_BUTTON_NOT_OPENING,
TASK_BUTTON_IN_PROGRESS,
TASK_PROGRESS_TEXT,
TASK_SALES_ORIGINAL_PRICE_KEY,
WORLD_BOSS_KILLED_MAIL_TITLE,
WORLD_BOSS_RANK_MAIL_TITLE,
WORLD_BOSS_KILLED_MAIL_CONTENT,
WORLD_BOSS_RANK_MAIL_CONTENT,
TIME_MORNING,
TIME_NOONING,
TIME_EVENING,
CHAT_IN_CD,
CHAT_MESSAGE_ILLEGAL,
CHAT_MESSAGE_EMPTY,
WORLD_BOSS_CANT_COMMON_AUTO_FIGHT,
WORLD_BOSS_OPEN_TIME,
WORLD_BOSS_DEAD,
WORLD_BOSS__OUT_ACTIVITY_TIME,
WORLD_BOSS__DIED,
WORLD_BOSS__KILLED,
WORLD_BOSS__USER_RESURRECT,
PVP_ENTRANCE_WORLD_BOSS,
PVP_ENTRANCE_AUTO_FIGHT_SETTINGS,
PVP_ENTRANCE_AREAN,
PVP_ENTRANCE_PVE,
PVP_ENTRANCE_HONOR_ARENA,
LEVEL_OPEN__WORLD_BOSS,
LEVEL_OPEN__AREAN,
LEVEL_OPEN__PVE,
LEVEL_OPEN__HONOR_ARENA,
LEVEL_OPEN_FORMAT,
ONLINE,
OFFLINE,
INPUT_EMPTY,
INPUT_ERROR,
GUILD_NOT_EXIST,
GUILD_MEMBER_LEAVE,
GUILD_MEMBER_NOPOWER,
GUILD_CONTRIBUTION_SHORTAGE,
GUILD_MEMBER_IN,
GUILD_24HOUR,
GUILD_24HOUR_NOT_CREATE,
GUILD_SEND_MAIL_6HOUR_LIMIT,
GUILD_MAIL_TITLE,
GUILD_MAIL_SEND_SUCCESS,
GUILD_MEMBER_LIMIT,
GUILD_FIGHT_VALUE_LIMIT,
GUILD_VICE_LEADER_COUNT_LIMIT,
GUILD_NAME_EXIST,
GUILD_SIGNED_TODAY,
GUILD_MEMBER_BE_REMOVED,
GUILD_TITLE_MAIN,
GUILD_TITLE_SHOP,
GUILD_TITLE_SETTING,
GUILD_TITLE_MEMBER,
GUILD_TITLE_RANK,
GUILD_TITLE_JOIN,
GUILD_TITLE_CREATE,
GUILD_MEMBER_MORE,
GUILD_IN_FIGHT,
GUILD_EXP,
GUILD_NAME_CANNOT_EMPTY,
GUILD_SIGNIN_TITLE,
OFFLINE_DAYS_BEFORE,
OFFLINE_HOURS_BEFORE,
OFFLINE_MINUTES_BEFORE,
FUNCTION_NOT_OPEN,
CONTRIBUTION,
REWARD_TITLE,
GUILD_MEMBER_UNIT,
GUILD_RANK,
GUILD_ANNOUNCEMENT_DEFAULT,No announcement yet.
INSERT_DB_FAILD,
CORE_GET_INFO_FAILD,
CORE_USER_HERO_HAVE,
NEED_CREATE_USER,
DUNGEON_CD,
HERO_NOT_IN_BATTLE,
MAIN_HERO_POSITION_FIRST,
DB_ERROR,
HERO_UNHAVE,
CONFIG_ERROR,
GEM_NOT_ENOUGH,
ARMOR_UNHAVE,
GEM_ADD_WRONG_PART,
SLOT_HAVE_GEM,
GEM_UNHAVE,
GEM_IS_FREE,
ARMOR_SPECIAL_ATTR_UNHAVE,
ARMOR_SPECIAL_ATTR_HAVE,
ARMOR_PART_DIFFRENT,
ARMOR_CAPACITY_MAX,
ARMOR_SPECIAL_CAN_NOT_SELL,
GOODS_CAN_NOT_USE,
GOODS_NOT_ENOUGH,
TASK_BEFORE_NOT_COMPLETE,
TASK_CONDITION_NOT_ENOUGH,
TASK_GET_REWARD,
TASK_ACTIVE_VALUE_NOT_ENOUGH,
SUMMON_COUNT_ERROR,
MONEY_NOT_ENOUGH,
FAST_FIGHT_BUY_COUNT_MAX,
BUY_BOSS_FIGHT_COUNT_MAX,
ARENA_LEFT_CHALLENGE_COUNT_LIMIT,
ARENA_CHALLENGE_TARGET_INFO_INVAILD,
ARENA_CHALLENGE_TARGET_NOT_IN_LIST,
ARENA_SHOP_GOODS_NOT_EXIST,
HERO_STATE_NOT_FREE,
ALREADY_EXIST_USER,
SKILL_HAVE_SAME_ID,
HERO_DEBRIS_NOT_ENOUGH,
SUMMON_SCORE_NOT_ENOUGH,
VIP_LEVEL_NOT_ENOUGH,
HERO_AWAKE_MAX,
REJECT_BECAUSE_OF_NEWBIE_GUIDE,
HONOR_ARENA_POMOTION_TIPS,
HONOR_ARENA_SHOP_UNLOCK,
HONOR_ARENA_POINT_COUNT_DOWN,
HONOR_ARENA_SIGN_UP_COUNT_DOWN,
HONOR_ARENA_SIGN_UP_CONDITION,
HONOR_ARENA_SIGN_UP_SUCCESS,
HONOR_ARENA_RANK,
HONOR_ARENA_POINT,
HONOR_ARENA_SEASON,
HONOR_ARENA_GROUP,
HONOR_ARENA_ZONE,
HONOR_ARENA_RANK_TIPS,
HONOR_ARENA_REFREASH_ENEMY_CHECK,
HONOR_ARENA_BUY_FIGHT_COUNT_CHECK,
HONOR_ARENA_NO_REPORT,
HONOR_ARENA_SEASON_WINNER,
HONOR_ARENA_TOP_TITLE_FIGHT2,
HONOR_ARENA_TOP_TITLE_FIGHT3,
HONOR_ARENA_TOP_TITLE_FIGHT4,
HONOR_ARENA_TOP_TITLE_FIGHT5,
HONOR_ARENA_TOP_TITLE_FIGHT6,
HONOR_ARENA_TOP_TITLE_FIGHT7,
HONOR_ARENA_NEW_SEASON,
HONOR_ARENA_GUESS_SUCCESS,
HONOR_ARENA_GUESS_FAIL,
HONOR_ARENA_PROMOTION_NOTICE_MAIL_TITLE,
HONOR_ARENA_STEP_CHANGING,
HONOR_ARENA_PROMOTION_WINNER_NOTICE_MAIL_CONTENT,
HONOR_ARENA_SAME_HERO_GROUP,
HONOR_ARENA_PROMOTION_LOSER_NOTICE_MAIL_CONTENT,
HONOR_ARENA_FINAL_FINISH_MAIL_TITLE,
HONOR_ARENA_FINAL_FINISH_MAIL_CONTENT,
HONOR_ARENA_FIGHT_COUNT_BUY_TIPS,
HONOR_ARENA_YOUR_PROMOTION_START,
HONOR_ARENA_WORSHIP_TIPS__MAX,
HONOR_ARENA_WORSHIP_TIPS__ZONE,
HONOR_ARENA_WORSHIP_COUNT,
HONOR_ARENA_WORSHIP_TIPS__SUCCESS,
HONOR_ARENA_WORSHIP_MAIL_TITLE,
HONOR_POINT_RANK_AWARD_MAIL_TITLE,
HONOR_POINT_RANK_AWARD_MAIL_CONTENT,
HONOR_ACHIEVEMENT_AWARD_MAIL_TITLE,
HONOR_ACHIEVEMENT_AWARD_MAIL_CONTENT,
HONOR_AREANA_GUESS_MAIL_TITLE,
HONOR_AREANA_GUESS_MAIL_CONTENT,
HONOR_ARENA_IN_PROGRESS,
HONOR_ARENA_FINISH,
HONOR_ARENA_ACHIEVEMENT_64,
HONOR_ARENA_ACHIEVEMENT_32,
HONOR_ARENA_ACHIEVEMENT_16,
HONOR_ARENA_ACHIEVEMENT_8,
HONOR_ARENA_ACHIEVEMENT_4,
HONOR_ARENA_ACHIEVEMENT_2,
HONOR_ARENA_ACHIEVEMENT_1,
HONOR_ARENA_CONFIRM_GUESS,
POINT,Pt
FREE,
HONOR_ARENA_POINT_AWARD,
HONOR_ARENA_PROMOTION_AWARD,
GUILD_BOSS_RANK_MAIL_TITLE,
GUILD_BOSS_RANK_MAIL_CONTENT,
GUILD_BOSS_KILLED_MAIL_TITLE,
GUILD_BOSS_KILLED_MAIL_CONTENT,
GUILD_BOSS_RANK_MAIL_CONTENT2,
GUILD_BOSS_MAIL_CANT_OPEN_TITLE,
GUILD_BOSS_MAIL_CANT_OPEN_1,
GUILD_BOSS_MAIL_CANT_OPEN_2,
GUILD_BOSS_MAIL_CANT_OPEN_3,
GUILD_BOSS_MAIL_CANT_OPEN_4,
GUILD_BOSS_USER_ENCOURAGE_ADD,
GUILD_BOSS_KILLED,
GUILD_BOSS_NOT_KILL,
GUILD_BOSS_GUILD_EXP_REWARD,
GUILD_BOSS_NAME,
GUILD_BOSS_TODAY_OPEN_COUNT,
GUILD_BOSS_OPEN_NEED_INFO,
GUILD_BOSS_KILLED_TIPS,
GUILD_BOSS_KILLED_TIPS_TITLE,
GUILD_BOSS_NOT_KILL_TIPS,
GUILD_BOSS_OPEN_COUNT_LIMIT,
GUILD_BOSS_OPENGING,
GUILD_BOSS_COOLDOWNING,
GUILD_BOSS_HONOR_NOT_ENOUGH,
GUILD_BOSS_OPEN_WEEK_FREE_INFO,
GUILD_BOSS_OPEN_NEED_HONOR,
GUILD_BOSS_BUTTON_OPEN,
GUILD_BOSS_USER_ENCOURAGE_LIMIT,
GUILD_BOSS_USER_ENCOURAGE_COST,
GUILD_BOSS_NOT_EXIST,
GUILD_BOSS_JOINED,
GUILD_BOSS_USER_NOT_EXIST,
GUILD_BOSS_USER_POSITION_LIMIT,
GUILD_BOSS_CHAT_MSG_BOSS_OPEN,
SYSTEM_MSG,
GUILD_BOSS_CHAT_MSG_BOSS_KILLED,
GUILD_BOSS_CHAT_MSG_BOSS_KILLED_EXP,
GUILD_BOSS_CHAT_MSG_BOSS_NOT_KILL_EXP,
SUMMON_BUTTON_LABEL_FREE_ONCE,
CHARGE_MONTH_FIRST_LABEL,
CHARGE_VIP_LV_TIPS,
VIP_BUBBLE_TEXT,
VIP_PRIVILEGE_TITLE,
VIP_PRIVILEGE_CONTENT_1,
VIP_PRIVILEGE_CONTENT,
VIP_PRIVILEGE_UNIT,
VIP_GIFT_TITLE,
VIP_GIFT_TIPS,
VIP_GIFT_TITLE_REWARD,
ARENA_RANK_REWARD,
ARENA_RANK_REWARD_MAIL_TITLE,
ARENA_RANK_REWARD_MAIL_CONTENT,
CHALLENGE,
VIEW,
IGNORE_BOSS_FIGHT_CONDITION,
ARENA_CHALLENGE_COUNT,
LOST_LANDS_MINE_NAME_1,
LOST_LANDS_MINE_NAME_2,
LOST_LANDS_MINE_NAME_3,
LOST_LANDS_MINE_NAME_4,
LOST_LANDS_MINE_NAME_5,
LOST_LANDS_MINE_NAME_6,
LOST_LANDS_MINE_NAME_7,
LOST_LANDS_MINE_NAME_8,
LOST_LANDS_MINE_NAME_9,
LOST_LANDS_MINE_NAME_10,
LOST_LANDS_MINE_NAME_11,
LOST_LANDS_MINE_NAME_12,
LOST_LANDS_DEFENSE_INVITATION_MSG,
GUIDE_NEWBIE_BACK_STORY,
GUIDE_NEWBIE_UNKNOWN_BOSS_NAME,
GUIDE_NEWBIE_USER_NAME,
SHOP_BUY_MAX,
VERSION_UPDATE_FINISH,
VERSION_CHECK_WEB_DATA_ERROR,
VERSION_NEED_DOWNLOAD_APP,
VERSION_NOT_FOUND_PATCH,
VERSION_NEED_DOWNLOAD_PATCH,
VERSION_UNZIP_ERROR,
ALERT,
GOODS_FUNCTION_NOT_IMPLEMENT,
PASSPORT_INVALID_TOKEN,
PASSPORT_TOKEN_VERIFY_FAIL,
PASSPORT_TOKEN_EXPIRE,
PASSPORT_TIME_OUT,
PASSPORT_USER_BIND,
PASSPORT_USER_NOT_BIND,
PASSPORT_HAS_LOGIN,
PASSPORT_BIND,
PASSPORT_NOT_BIND,
MAIL_NOREADED,
SKILL_ASSISTANT_OPEN_LEVEL,
MAIL_NO_READEDANDGAINED,
MAIL_NO_REWARD,
MAIL_HAVE_REWARD,
NO_ANNOUNCEMENT,
EMPTY_GUILD_NAME,
WORLD_BOSS_ACTIVITY_OPEN,
HERO_AWAKE_COIN_NOT_ENOUGH,
SHEN_HE_NOT_ENOUGH,
ARMOR_SELL_REQUEST,
HERO_AWAKE_FEELING_MAX,
ARMOR_FUSION_UNSELECT,
ARMOR_FUSION_ARMOR_BETTER,
ARMOR_FUSION_LEVEL_BETTER,
ARMOR_SELL_QUALITY_ALL,
ARMOR,
ADVENTURE_REFRESH_CONFIRM,
ARMOR_XILIAN_SECONDARY_ATTR_LESS,
MONEY_NOT_ENOUTH__GO_SHOP,
ARENA_CHALLENGE_COUNT_LIMIT_GOBUY,
VIP_GOBUY,
IGNORE_MAIN_NEWBIE_GUIDE,
COIN_BUY_TIMES_LIMIT,
WORLD_BOSS_AUTO_FIHGT_INFO_1,
WORLD_BOSS_AUTO_FIHGT_INFO_2,
WORLD_BOSS_BUY_RAND_ATTACK_GOODS,
WORLD_BOSS_FREE_ATTACK_COUNT,
ARMOR_NOT_FREE,
HERO_TRAIN_MAX,
NONE,
IS_LOCK,
ARMOR_SPECIAL_NAME,
STRENGTHEN_LEVEL,
ARMOR_FILTER_EMPTY,
ARMOR_INHERIT_NEED_SPECIAL,
ARMOR_COMBINE_NEED_SPECIAL,
SHORT_HOUR,
SHORT_HOUR_MINUTE,
AVG_TIME_BATTLE,
AVG_COUNT_BATTLE,
VERSION_UPDATING_TIP,
VERSION_UNZIP_TIP,
GUILD_BOSS_TIME_HOUR_INVALID,
GUILD_BOSS_TIME_MINUTE_INVALID,
HERO_AWAKE_STAR_NOT_ENOUGH,
TAP_SCREEN_TO_CONTINUE,
MYSTICAL_SHOP_REFRESH,
MYSTICAL_SHOP_REFRESH_FREE,
MYSTICAL_SHOP_BUY_CONFIRM,
GUILD_INPUT_GUILD_NAME,
SHOP_SCENE_BUBBLE_MYSTICAL,
SHOP_SCENE_BUBBLE_COIN,
SHOP_SCENE_BUBBLE_GEM,
SHOP_SCENE_BUBBLE_RUBY,
SHOP_SCENE_BUBBLE_SUMMON,
PRODUCT_CANNOT_BE_PURCHASED_NOW,
WORLD_BOSS_ACTIVITY_TIME_END,
WORLD_BOSS__USER_NOT_DIE,
BATTLE_LIST_EMPTY,
FAST_FIGHT_BAG_FULL,
NET_DISCONNECT_TIPS,
GAME_RESTART,
NET_ERROR,
ARMOR_HAVE_SAME_GEM,
EXTRA_PACK_UPDATEING,
EXTRA_DOWNLOAD_TIPS,
EXTRA_VERSION_NOT_FOUND_PATCH,
FRIEND_REQUEST_HAS_SEND,
FRIEND_MY,
FRIEND_RECOMMEND,
FRIEND_REQUEST,
BLACKLIST,
FRIEND_COUNT_MAX,
FRIEND_OTHER_COUNT_MAX,
FRIEND_CURRENT_COUNT,
FRIEND_REFUSE_TIPS,
FRIEND_NOT_TIPS,
TODAY_COUNT_LIMIT,
TODAY_BUY_COUNT,
UNLOCK_LEVEL_WITH_PARAM,
OPEN_FOREVER,
WEEKLY_1,
WEEKLY_2,
WEEKLY_3,
WEEKLY_4,
WEEKLY_5,
WEEKLY_6,
WEEKLY_0,
DAILY_DUNGEON_OPEN,
DAILY_DUNGEON_TIME_NOT_OPEN,
DAILY_DUNGEON_TEAM_UP_TIPS,
DAILY_DUNGEON_BUY_COUNT_LIMIT,
DAILY_DUNGEON_BATTLE_COUNT_LIMIT,
ACTIVITY_ONLINE_RECEIVE_REPEAT,
ACTIVITY_ONLINE_TIME_TIPS,
STRONGER_TITLE,
GET_DEBRIS,
GODDESS_BLESS_TIME_TIPS,
SERVER_TIME,
CHANGE_NAME_FREE_TIPS,
CHANGE_NAME_COST_TIPS,
CHANGE_SUCCESS,
NAME_NO_CHANGE,
SIGNATURE_NO_CHANGE,
ILLEGAL_TEXT,
,
,
,
,
,
,
,
,
,
,
,
,
,
,
,
,
,
,
,
,
,
,
,
,
,
,
,
,
,
,
,
,
,
,
,
,
,
,
,
,
,
,
,
,
,
,
,
,
,
,
,
,
,
,
,
,
,
,
,
,
,
,
,
,
,
,
,
,
,
,
,
,
,
,
,
,
,
,
,
,
,
,
,
,
,
,
Lv.,
,
,
,
,
,
,
,
,
,
,
,
,
,
,
,
,
,
,
,
,
,
,
,
,
,
,
,
,
,
,
,
,
,
,
,
,
,
,
,
,
,
,
,
,
,
,
,
,
,
,
,
,
,
,
,
,
,
,
,
,
,
,
,
,
,
,
,
,
,
,
ATTACK,
,
,
,
,
,
,
,
,
,
,
,
,
,
,
,
,
,
,
,
,
,
,
,
,
,
,
,
,
,
,
,
,
,
,
,
,
,
,
,
,
,
,
,
,
,
,
,
,
,
,
,
,
,
,
,
,
,
,
,
,
,
,
,
,
,
,
,
,
,
,
,
,
,
,
,
,
,
,
,
,
,
,
,
,
,
,
,
,
,
,
,
,
,
,
,
,
,
,
,
,
,
,
,
,
,
,
,
,
,
,
,
,
,
,
,
,
,
,
,
,
,
,
,
,
,
,
,
,
,
,
,
,
,
,
,
,
jk,
,
,
,
,
,
,
,
,
,
,
,
,
,
,
,
,
,
,
,
,
,
,
,
ADVENTURE_SPECIAL_TIME,
,
,
,
,
,
,
,
,
,
,
,
,
,
,
,
,
,
,
,
,
,
,
,
,
,
,
,
,
,
,
,
,
,
,
,
,
,
,
,
,
,
,
,
,
,
,
,
,
,
,
,
,
,
,
,
,
,
,
,
,
,
,
,
,
,
,
,
,
,
,
,
,
,
,
,
,
,
,
,
,
,
,
,
,
,
,
,
,
,
,
,
,
,
,
,
,
,
,
,
,
,
,
,
,
,
,
,
,
,
,
,
,
,
,
,
,
,
,
,
,
,
,
,
,
,
,
,
,
text text,text text
,
SUMMON_TEN,
,
,
,
,
,
,
,
,
,
,
,
,
,
,
,
,
,
GO,
,
,
,
,
,
,
,
,
,
,
,
,
,
,
,
,
,
,
,
,
,
,
,
,
,
,
,
,
,
,
,
,
,
,
,
,
,
,
,
,
,
,
,
,
,
,
,
,
,
,
,
,
,
,
GO,
,
,
,
,
,
,
,
,
,
,
,
,
,
,
,
,
,
,
,
,
,
,
,
,
,
,
,
,
,
,
,
,
,
,
,
,
,
,
,
,
,
,
,
,
,
,
,
,
,
,
,
,
,
,
,
,
,
,
,
,
,
,
,
,
,
,
,
,
,
,
,
,
,
,
,
,
,
,
,
,
,
,
,
,
,
,
,
,
,
,
,
,
,
,
,
,
,
,
,
,
,
,
,
,
,
,
,
,
,
,
,
,
,
,
,
,
,
,
,
,
,
,
,
,
,
,
,
,
,
,
,
,
,
,
,
,
,
,
,
,
,
,
,
,
,
,
,
,
,
,
,
,
,
,
,
,
,
,
,
,
,
,
,
,
,
,
,
,
,
,
,
,
,
,
,
,
,
,
,
,
,
,
,
,
,
,
,
,
,
,
,
,
,
,
,
,
,
,
,
,
,
,
,
,
,
,
,
,
,
,
,
,
,
,
,
,
,
,
,
,
,
,
,
,
,
,
,
,
,
,
,
,
,
,
,
,
,
,
,
,
,
,
,
,
,
,
,
,
,
,
,
,
,
,
,
,
,
,
,
,
,
,
,
,
,
,
,
,
,
,
,
,
,
,
,
,
,
,
,
,
,
,
,
,
,
,
,
,
,
,
,
,
,
,
,
,
,
,
,
,
,
,
,
,
,
,
,
,
,
,
,
,
,
,
,
,
,
,
,
,
,
,
,
,
,
,
,
,
,
,
,
,
,
,
,
,
,
,
,
,
,
,
,
,
,
,
,
,
,
,
,
,
,
,
,
,
,
,
,
,
,
,
,
,
,
,
,
,
,
,
,
,
,
,
,
,
,
,
,
,
,
,
,
,
,
,
,
,
,
,
,
,
,
,
,
,
,
,
,
,
,
,
,
,
,
,
,
,
,
,
,
,
,
,
,
,
,
,
,
,
,
,
,
,
,
,
,
,
,
,
,
,
,
,
,
,
,
,
,
,
,
,
,
,
,
,
,
,
,
,
,
,
,
,
,
,
,
,
,
,
,
,
,
,
,
,
,
,
,
,
,
,
,
,
,
,
,
,
,
,
,
,
,
,
,
,
,
,
,
,
,
,
,
,
,
,
,
,
,
,
,
,
,
,
,
,
,
,
,
,
,
,
,
,
,
,
,
,
,
,
,
,
,
,
,
,
,
,
,
,
,
,
,
,
,
,
,
,
,
,
,
,
,
,
,
,
,
,
,
,
,
,
,
,
,
,
,
,
,
,
,
,
,
,
,
,
,
,
,
,
,
,
,
,
,
,
,
,
,
,
,
,
,
,
,
,
,
,
,
,
,
,
,
,
,
,
,
,
,
,
,
,
,
,
,
,
,
,
,
,
,
,
,
,
,
,
,
,
,
,
,
,
,
,
,
,
,
,
,
,
,
,
,
,
,
,
,
,
,
,
,
,
,
,
,
,
,
,
,
,
,
,
,
,
,
,
,
,
,
,
,
,
,
,
,
,
,
,
,
,
,
,
,
,
,
,
,
,
,
,
,
,
,
,
,
,
,
,
,
,
,
,
,
,
,
,
,
,
,
,
,
,
,
,
,
,
,
,
,
,
,
,
,
,
,
,
,
,
,
,
,
,
,
,
,
,
,
,
,
,
,
,
,
,
,
,
,
,
,
,
,
,
,
,
,
,
,
,
,
,
,
,
,
,
,
,
,
,
,
,
,
,
,
,
,
,
,
,
,
,
,
,
,
,
,
,
,
,
,
,
,
,
,
,
,
,
,
,
,
,
,
,
,
,
,
,
,
,
,
,
,
,
,
,
,
,
,
,
,
,
,
,
,
,
,
,
,
,
,
,
,
,
,
,
,
,
,
,
,
,
,
,
,
,
,
,
,
,
,
,
,
,
,
,
,
,
,
,
,
,
,
,
,
,
,
,
,
,
,
,
,
,
,
,
,
,
,
,
,
,
,
,
,
,
,
,
,
,
,
,
,
,
,
,
,
,
,
,
,
,
,
,
,
,
,
,
,
,
,
,
,
,
,
,
,
,
,
,
TRAIN_GOODS_1,
TRAIN_GOODS_2,
TRAIN_GOODS_3,
TRAIN_GOODS_4,
,
,
,
,
,
,
,
,
,
,
,
,
,
,
,
,
,
,
,
,
,
,
,
,
,
,
,
,
,
,
,
,
,
,
,
,
,
,
,
,
,
,
,
,
,
,
,
,
,
,
,
,
,
,
,
,
,
,
,
,
,
,
,
,
,
,
,
,
,
,
,
,
,
,
,
,
,
,
,
,
,
,
,
,
,
,
,
,
,
,
,
,
,
,
,
,
,
,
,
,
,
,
,
,
,
,
,
,
,
,
,
,
,
,
,
,
,
,
,
,
,
,
,
,
,
,
,
,
,
,
,
,
,
,
,
,
,
,
,
,
,
,
,
,
,
,
,
,
,
,
,
,
,
,
,
,
,
,
,
,
,
,
,
,
,
,
,
,
,
,
,
,
,
,
,
,
,
,
,
,
,
,
,
,
,
,
,
,
,
,
,
,
,
,
,
,
,
,
,
,
,
,
,
,
,
,
,
,
,
,
,
,
,
,
,
,
,
,
,
,
,
,
,
,
,
,
,
,
,
,
,
,
,
,
,
,
,
,
,
,
,
,
,
,
,
,
,
,
,
,
,
,
,
,
,
,
,
,
,
,
,
,
,
,
,
,
,
,
,
,
,
,
,
,
,
,
,
,
,
,
,
,
,
,
,
,
,
,
,
,
,
,
,
,
,
,
,
,
,
,
,
,
,
,
,
,
,
,
,
,
,
,
,
,
,
,
,
,
,
,
,
,
,
,
,
,
,
,
,
,
,
,
,
,
,
,
,
,
,
,
,
,
,
,
,
,
,
,
,
,
,
,
,
,
,
,
,
,
,
,
,
,
,
,
,
,
,
,
,
,
,
,
,
,
,
,
,
,
,
,
,
,
,
,
,
,
,
,
,
,
,
,
,
,
,
,
,
,
,
,
,
,
,
,
,
,
,
,
,
,
,
,
,
,
,
,
,
,
,
,
,
,
,
,
,
,
,
,
,
,
,
,
,
,
,
,
,
,
,
,
,
,
,
,
,
,
,
,
,
,
,
,
,
,
,
,
,
,
,
,
,
,
,
,
,
,
,
,
,
,
,
,
,
,
,
,
,
,
,
,
,
,
,
,
,
,
,
,
,
,
,
,
,
,
,
,
,
,
,
,
,
,
,
,
,
,
,
,
,
,
,
,
,
,
,
,
,
,
,
,
,
,
,
,
,
,
,
,
,
,
,
,
,
,
,
,
,
,
,
,
,
,
,
,
,
,
,
,
,
,
,
,
,
,
,
,
,
,
,
,
,
,
,
,
,
,
,
,
,
,
,
,
,
,
,
,
,
,
,
,
,
,
,
,
,
,
,
,
,
,
,
,
,
,
,
,
,
,
,
,
,
,
,
,
,
,
,
,
,
,
,
,
,
,
,
,
,
,
,
,
,
,
,
,
,
,
,
,
,
,
,
,
,
,
,
,
,
,
,
,
,
,
,
,
,
,
,
,
,
,
,
,
,
,
,
,
,
,
,
,
,
,
,
,
,
,
,
,
,
,
,
,
,
,
,
,
,
,
,
,
,
,
,
,
,
,
,
,
,
,
,
,
,
,
,
,
,
,
,
,
,
,
,
,
,
,
,
,
,
,
,
,
,
,
,
,
,
,
,
,
,
,
,
,
,
,
,
,
,
,
,
,
,
,
,
,
,
,
,
,
,
,
,
,
,
,
,
,
,
,
,
,
,
,
,
,
,
,
,
,
,
,
,
,
,
,
,
,
,
,
,
,
,
,
,
,
,
,
,
,
,
,
,
,
,
,
,
,
,
,
,
,
,
,
,
,
,
,
,
,
,
,
,
,
,
,
,
,
,
,
,
,
,
,
,
,
,
,
,
,
,
,
,
,
,
,
,
,
,
,
,
,
,
,
,
,
,
,
,
,
,
,
,
,
,
,
,
,
,
,
,
,
,
,
Pt,
,
,
,
,
,
,
,
,
,
,
,
,
,
,
,
,
,
,
,
,
,
,
,
,
,
,
,
,
,
,
,
,
,
,
,
,
,
,
,
,
,
,
,
,
,
,
,
,
,
,
,
,
,
,
,
,
,
,
,
,
,
,
,
,
,
,
,
,
,
,
,
,
,
,
,
,
,
,
,
,
,
,
,
,
,
,
,
,
,
,
,
,
,
,
,
,
,
,
,
,
,
,
,
,
,
,
,
,
,
,
,
,
,
,
,
,
,
,
,
,
,
,
,
,
,
,
,
,
,
,
,
,
,
,
,
,
,
,
,
,
,
,
,
,
,
,
,
,
,
,
,
,
,
,
,
,
,
,
,
,
,
,
,
,
,
,
,
,
,
,
,
,
,
,
,
,
,
,
,
,
,
,
,
,
,
,
,
,
,
,
,
,
,
,
,
,
,
,
,
,
,
,
,
,
,
,
,
,
,
,
,
,
,
,
,
,
,
,
,
,
,
,
,
,
,
,
,
,
,
,
,
,
,
,
,
,
,
,
,
,
,
,
,
,
,
,
,
,
,
,
,
,
,
,
,
,
,
,
,
,
,
,
,
,
,
,
,
,
,
,
,
,
,
,
,
,
,
,
,
,
,
,
,
,
,
,
,
,
,
,
,
,
,
,
,
,
,
,
,
,
,
,
,
,
,
,
,
,
,
,
,
,
,
,
,
,
,
,
,
,
,
,
,
,
,
,
,
,
,
,
,
,
,
,
,
,
,
,
,
,
,
,
,
,
,
,
,
,
,
,
,
,
,
,
,
,
,
,
,
,
,
,
,
,
,
,
,
,
,
,
,
,
,
,
,
,
,
,
,
,
,
,
,
,
,
,
,
,
,
,
,
,
,
,
,
,
,
,
,
,
,
,
,
,
,
,
,
,
,
,
,
,
,
,
,
,
,
,
,
,
,
,
,
,
,
,
,
,
,
Hydra,Hydra
,
,
,
,
,
,
,
,
,
,
,
,
,
,
,
,
,
,
,
,
,
,
,
,
,
,
,
,
,
,
,
,
,
,
,
,
,
,
,
,
,
,
,
,
,
,
,
,
,
,
,
,
,
,
,
,
,
,
,
,
,
,
,
,
,
,
,
,
,
,
,
,
,
,
,
,
,
,
,
,
,
,
,
,
,
,
,
,
,
,
,
,
,
,
,
,
,
,
,
,
,
,
,
,
,
,
,
,
,
,
,
,
,
,
,
,
,
,
,
,
,
,
,
,
,
,
,
,
,
,
,
,
,
,
,
,
,
,
,
,
,
,
,
,
,
,
,
,
,
,
,
,
,
,
,
,
,
,
,
,
,
,
,
,
,
,
,
,
,
,
,
,
,
,
,
,
,
,
,
,
,
,
,
,
,
,
,
,
,
,
,
,
,
,
,
,
,
,
,
,
,
,
,
,
,
,
,
,
,
,
,
,
,
,
,
,
,
,
,
,
,
,
,
,
,
,
,
BOSS_FIGHT_COUNT_LEFT,
Goddess Bless,
,
LEVEL_OPEN__PVE_INTO,
LEVEL_OPEN__AREAN_INFO,
FAST_FIGHT_COUNT_MAX,
,
,
,
,
,
,
,
,
,
um den Engel in den <color=#6DCFF6FF> [Kampf] </color> zu setzen,
,
,
,
,
,
,
,
,
,
,
,
,
,
,
,
,
,
,
,
,
,
,
,
,
,
,
,
,
,
,
,
,
,
,
,
,
,
,
,
,
,
,
,
,
,
,
,
,
,
,
,
,
,
,
,
,
,
,
,
,
,
,
,
,
,
,
,
,
,
,
,
,
,
,
,
,
,
,
,
,
,
,
,
,
,
,
,
,
,
,
,
,
,
,
,
,
,
,
,
,
,
,
,
,
,
,
,
,
,
,
,
,
,
,
,
,
,
,
,
,
,
,
,
,
,
,
,
,
,
,
,
,
,
,
,
,
,
,
,
,
,
,
,
,
,
,
,
,
,
,
,
,
,
,
,
,
,
,
,
,
,
,
,
,
,
,
,
,
,
,
,
,
,
,
,
,
,
,
,
,
,
,
,
,
,
,
,
,
,
,
,
,
,
,
,
,
,
,
,
,
,
,
,
,
,
,
,
,
,
,
,
,
,
MC,
,
,
,
,
,
,
,
,
,
,
,
,
,
,
,
,
,
,
,
,
,
,
,
,
,
,
,
,
,
,
,
,
,
,
,
,
,
,
,
,
,
,
,
,
,
,
,
,
,
,
,
,
,
,
,
,
,
,
,
,
CRIT_VALUE_ADD,
GEM_TICKET_NOT_ENOUPH,
NOT_ENOUPH,
ARENA_SHOP_GOODS_BUY_COUNT_ERROR,
USE_GOODS_ONE_TIME,
USE_GOODS_TEN_TIME,
USE_GOODS_HUNDRED_TIME,
USE_ALL_GOODS,
SYNTHETIZE_ONE_TIME,
SYNTHETIZE_TEN_TIME,
SYNTHETIZE_HUNDRED_TIME,
SYNTHETIZE_ALL,
CAN_NOT_REPEATE_CHARGE,
HAVE_COUNT,
VERSION_INIT_UI_RES,
USER_IS_NOT_NEWBIE,
BOSS_OPEN_TIPS,
GO,GO
IGNORE,
,
,
,
,
,
,
,
,
,
,
,
,
,
,
,
,
,
,
ACTIVITY_SIGN_IN_DATE_MISMATCH,
,
,
,
,
,
,
,
,
,
,
,
,
FAST_FIGHT_FREE,
,
,
,
,
REFRESH,
REFRESH_FREE,
,
ARMOR_QUALITY_WHITE_ATTR,
ARMOR_QUALITY_GREEN_ATTR,
ARMOR_QUALITY_BLUE_ATTR,
ARMOR_QUALITY_PURPLE_ATTR,
,
,
,
,
,
,
,
,
,
,
,
HERO_FEELING_MAX,
,
,
HERO_AWAKE_FULL,
SUMMON_HERO_HAVE,
HERO_ARRAY_FIGHT_VALUE,
HERO_ARRAY_FIGHT_COUNT,
HERO_ARRAY_OPEN_NEED_LEVEL,
HERO_ARRAY_FIGHT_COUNT_MAX_LIMIT,
HERO_ARRAY_FIGHT_COUNT_MIN_LIMIT,
HERO_ARRAY_OPEN_NEED_NEXT_LEVEL,
HERO_ARRAY_ADVENTURE_LIMIT,
ARMOR_SPECIAL_STHENGTHEN_ADD,
,
,
,
,
,
,
,
,
,
,
,
,
,
,
,
,
,
,
,
,
,
,
,
,
,
,
,
,
,
,
,
,
,
,
,
,
,
,
,
,
,
,
,
,
,
,
,
,
,
,
,
,
,
,
,
,
,
,
,
,
,
,
,
,
,
,
,
,
,
,
,
,
,
,
,
,
,
,
,
,
,
,
,
,
,
,
,
,
,
,
HERO_AWAKE_NOT_ENOUGH,
,
,
,
,
,
,
,
,
,
,
,
,
,
,
,
,
,
,
,
,
,
,
,
,
,
,
,
,
,
,
,
,
SOLD_OUT,
MONTH_VIP_REFREASH_SHOP_TIPS,
MONTH_VIP_FAST_FIGHT_TIPS,
VIP_MAX_FAST_FIGHT_MAX,
MONTH_VIP_DESC,
MONTH_VIP_DESC_ADV,
QUICK_BATTLE_RESULT_BAG_FULL,
QUICK_BATTLE_RESULT_FINISH,
CONFIRM_INHERIT_OK,
CONFIRM_INHERIT_CANCEL,
SKY_STONE_NOT_ENOUGH,
SKY_TOWER_LAYER_NOT_ENOUGH,
SKY_TOWER_LAYER_MAX,
SKY_TOWER_LAYER,
SKY_TOWER_RECORD_UNHAVE,
SKY_STONE,
SKY_STONE_DESC,
HERO_GROUP_LOCK,
HERO_GROUP_UNLOCK,
HERO_GROUP_LEVEL,(Lv.<color=#EED144FF>{0}</color>)
HERO_GROUP_FULL_LEVEL,
HERO_GROUP_UPGRADE,
HERO_GROUP_NEXT_LEVEL_INFO,
HERO_GROUP_UPGRADE_CONDTION_HAD,
HERO_GROUP_UPGRADE_CONDTION_AWAKE,
HERO_GROUP_UPGRADE_CONDTION_UPGRADE,
HERO_GROUP_UPGRADE_CONDTION_FIGHT_VALUE,
,
,
VIP_EXP_DESC,
SKY_TOWER_NPC,
,
,
,
,
,
,
,
,
,
,
,
,
,
,
,
,
,
,
,
,
,
,
,
,
,
,
,
,
,
,
,
,
,
,
,
,
,
,
,
,
,
,
,
,
,
,
,
,
,
,
,
,
,
,
,
,
,
,
,
,
,
,
,
,
,
,
,
,
,
,
,
,
,
,
,
,
ACTIVITY_SUMMON_DESC_LIMIT,
ACTIVITY_SUMMON_HERO_STAR,
ACTIVITY_SUMMON_REWARD_PREVIEW,
ACTIVITY_SUMMON_TIME,
ACTIVITY_SUMMON_DESC_1,
ACTIVITY_SUMMON_DESC_2,
ACTIVITY_SUMMON_DESC_3,
ACTIVITY_SUMMON_DESC_4,
ACTIVITY_SUMMON_DESC_5,
ACTIVITY_SUMMON_DESC_6,
ACTIVITY_SUMMON_DESC_7,
ACTIVITY_SUMMON_DESC_8,
ACTIVITY_SUMMON_DESC_9,
ACTIVITY_SUMMON_DESC_10,
ACTIVITY_SUMMON_DESC_11,
ACTIVITY_SUMMON_ONE,
ACTIVITY_SUMMON_TEN,
ACTIVITY_SUMMON_FREE,
ACTIVITY_SUMMON_TIME_END,
ACTIVITY_SUMMON_REWARD_INFO,
ACTIVITY_TIME,
ACTIVITY_END,
NO_REMIAN_COUNT,
,
,
,
,
,
,
,
,
,
,
,
,
,
,
,
,
,
,
,
,
,
,
,
,
,
,
,
,
,
,
,
,
,
,
,
,
,
,
,
,
,
,
,
,
,
,
,
,
,
,
,
,
,
,
,
,
,
,
,
,
,
,
,
,
,
,
,
,
,
,
,
,
,
,
,
,
,
,
,
,
,
,
,
,
,
,
,
,
,
,
,
,
,
,
,
,
,
,
,
,
,
,
,
,
,
,
,
,
,
,
,
,
,
,
,
,
,
,
,
,
,
,
,
,
,
,
,
,
,
,
,
,
,
,
,
,
,
,
,
,
,
,
,
,
,
,
,
,
,
,
,
,
,
,
,
,
,
,
,
,
,
,
,
,
,
,
,
,
,
,
,
,
,
,
,
,
,
,
,
,
,
,
,
,
,
,
,
,
,
,
,
,
,
,
,
,
,
,
,
,
,
,
,
,
,
,
,
,
,
,
,
,
,
,
,
,
,
,
,
,
,
,
,
,
,
,
,
,
,
,
,
,
,
,
,
,
,
,
,
,
,
,
,
,
,
,
,
,
,
,
,
,
,
,
,
,
,
,
,
,
,
,
,
,
,
,
,
,
,
,
,
,
,
PURCHASED,
Lv.,
,
,
,
,
,
,
,
TRIAL_DIFFICULTY_CANNOT_SELECT,
TRIAL_STAGE_WRONG,
TRIAL_REFRESH_COUNT_MAX,
TRIAL_STAGE,
TRIAL_REFRESH_CONFIRM,
TRIAL_REFRESH_COUNT,
,
,
,
,
,
,
,
,
,
,
,
,
,
,
,
,
HERO_DEAD,
,
,
,
,
,
TRIAL_HERO_EMPTY,
,
,
,
,
,
,
,
,
,
,
,
,
SSR+,
,
,
,
,
,
,
,
,
,
,
,
,
,
,
,
,
,
TRIAL_STAGE_CLEAR,
TRIAL_REFRESH_COUNT_MAX_VIP_0_5,
TRIAL_DIFFICULTY_SELECT_CONFIRM,
TRIAL_DIFFICULTY_1,
TRIAL_DIFFICULTY_2,
TRIAL_DIFFICULTY_3,
TRIAL_DIFFICULTY_4,
TRAIN_SETTING_DESC,
,
FRIEND_REQUEST_REPEAT,
NOTICE_10001001,
NOTICE_10002001,
NOTICE_10003001,
NOTICE_10004001,
NOTICE_10005001,
NOTICE_10006001,
NOTICE_10007001,
NOTICE_10008001,
NOTICE_10009001,
NOTICE_10010001,
NOTICE_10010002,
NOTICE_10103001,
NOTICE_10104001,
NOTICE_10105001,
NOTICE_10106001,
NOTICE_10201001,
NOTICE_10301001,
NOTICE_10302001,
NOTICE_10401001,
NOTICE_10401002,
NOTICE_10402001,
NOTICE_10403001,
NOTICE_10501001,
NOTICE_10601001,
NOTICE_20001001,
NOTICE_20002001,
NOTICE_20101001,
NOTICE_20102001,
NOTICE_30001001,
NOTICE_30001002,
NOTICE_30001003,
NOTICE_30001004,
NOTICE_30001005,
NOTICE_30001006,
NOTICE_30001007,
NOTICE_30001008,
NOTICE_30101007,
NOTICE_30101008,
TRAIN_GOLD_CONFIRM,
MONTH_CARD_FAST_FIGHT_TITLE,
MONTH_CARD_SHOP_REFRESH_TITLE,
MONTH_CARD_ARMOR_MAKE_REFRESH_TITLE,
MONTH_CARD_BAG_ADD_TITLE,
MONTH_CARD_FAST_FIGHT_CONTENT,
MONTH_CARD_SHOP_REFRESH_CONTENT,
MONTH_CARD_ARMOR_MAKE_REFRESH_CONTENT,
MONTH_CARD_BAG_ADD_CONTENT,
MONTH_CARD_FAST_FIGHT_CONFIRM,
MONTH_CARD_SHOP_REFRESH_CONFIRM,
MONTH_CARD_ARMOR_MAKE_REFRESH_CONFIRM,
MONTH_CARD_BAG_ADD_CONFIRM,
MONTH_CARD_FAST_FIGHT_VIP,
ARMOR_MAKE_REFRESH_CONFIRM,
MONTH_CARD_ADD,
,
,
,
,
,
,
,
,
,
,
,
,
,
,
,
,
,
,
,
,
,
,
,
,
,
,
,
,
,
,
,
,
,
,
,
,
,
,
,
,
,
,
,
,
,
,
,
,
,
,
,
,
,
,
,
,
,
,
,
,
,
,
,
,
,
,
,
,
,
,
HP+1000,
,
,
,
,
,
,
,
,
,
,
,
,
,
,
,
,
,
,
,
,
,
,
,
,
,
HERO_SKIN_COST_DESC_1,
HERO_SKIN_COST_DESC_2,
HERO_SKIN_COST_DESC_3,
DAILY_TODAY_BUY_COUNT,
HERO_SKIN_LIMIT_GOODS_DESC_1,
HERO_SKIN_LIMIT_GOODS_DESC_2,
MONTH_CARD_FAST_FIGHT,
MONTH_CARD_SHOP_REFRESH,
MONTH_CARD_ARMOR_MAKE_REFRESH,
,
,
,
,
,
,
,
,
,
,
,
,
,
,
,
ADD_GEM_SLOT_CONFIRM,
GET_GOODS,
,
,
,
,
,
,
,
,
,
,
,
,
,
,
,
,
,
,
,
,
,
,
,
,
,
,
,
,
,
,
,
,
,
,
,
,
,
,
,
,
,
,
,
,
Pt 9999,
,
,
,
,
,
,
,
,
,
,
,
,
,
,
,
,
,
,
,
,
,
,
,
,
,
,
,
,
,
,
,
,
,
,
,
,
,
,
Recommnd,
,
,
,
,
,
,
,
,
,
,
,
,
ZDHJ_SCORE_NOT_ENOUGH,
ZDHJ_RECEIVE_REPEAT,
ZDHJ_NOT_OPEN,
ZDHJ_TITLE_SUMMON,
ZDHJ_TITLE_TRAIN,
ZDHJ_TITLE_FUSION,
ZDHJ_TITLE_AWAKE,
ZDHJ_TITLE_GEM_UPGRADE,
ZDHJ_TITLE_SPECIAL_DEVOUR,
ZDHJ_TITLE_GIFT_BOX_USE,
ZDHJ_REWARD_SUMMON,
ZDHJ_REWARD_TRAIN,
ZDHJ_REWARD_FUSION,
ZDHJ_REWARD_AWAKE,
ZDHJ_REWARD_GEM_UPGRADE,
ZDHJ_REWARD_SPECIAL_DEVOUR,
ZDHJ_REWARD_GIFT_BOX_USE,
ZDHJ,
ZDHJ_REWARD_MAIL_TITLE,
ZDHJ_REWARD_MAIL_CONTENT,
ZDHJ_GIFT_UNHAVE,
,
,
,
,
,
,
,
,
,
WORLD_BOOSS_NOT_MONTH_VIP,
,
,
,
,
,
,
,
,
,
,
,
,
,
,
,
,
,
,
,
,
,
,
,
,
,
,
,
,
,
,
,
,
,
,
,
,
,
,
,
,
,
,
,
,
,
,
,
,
DEBRIS_NOT_SELECT,
DEBRIS_SELL_CONFIRM,
MYSTICAL_SHOP_BUY_CONFIRM_STAR_STONE,
WORLD_BOSS_OPENGING,
,
,
,
,
,
,
,
,
,
,
,
,
,
,
,
FIRST_CHARGE_LIFT_TIME,
,
,
,
,
,
,
,
,
,
,
,
,
,
,
,
,
DAILY_DUNGEON_GO_BUY_TIP,
,
,
,
,
,
,
,
,
,
,
,
,
,
,
,
,
,
WEEKLY_LIMIT_1,
WEEKLY_LIMIT_2,
WEEKLY_LIMIT_3,
WEEKLY_LIMIT_4,
WEEKLY_LIMIT_5,
WEEKLY_LIMIT_6,
MONTHLY_LIMIT_1,
MONTHLY_LIMIT_2,
MONTHLY_LIMIT_3,
MONTHLY_LIMIT_4,
Monthly Limited IV plus,
MONTHLY_LIMIT_5,
Monthly Limited V plus,
MONTHLY_LIMIT_6,
Monthly Limited VI plus,
MONTHLY_LIMIT_7,
MONTHLY_LIMIT_8,
,
,
ACCOUNT_CHANGE_SUCC_TITLE,
ACCOUNT_CHANGE_SUCC_CONTENT,
ACTIVITY_HOLIDAY_SUMMON_SCORE_NEED,
ACTIVITY_HOLIDAY_SUMMON_SCORE_PROGRESS,
ACTIVITY_HOLIDAY_MY_SUMMON_SCORE,
ACTIVITY_HOLIDAY_SUMMON_EXCHANGE_INFO,
ACTIVITY_HOLIDAY_LOGIN_TASK_NAME,
ACTIVITY_HOLIDAY_LOGIN_DAY_RECORD,
ACTIVITY_HOLIDAY_LOGIN_NOT_ENOUGH,
ACTIVITY_HOLIDAY_LOGIN_REPEAT,
,
,
,
,
,
,
,
,
,
,
,
,
,
,
,
,
,
,
,
,
,
,
,
,
,
,
,
,
,
,
,
,
,
,
,
,
,
,
,
,
,
,
,
,
,
,
,
,
,
,
,
,
,
,
,
,
,
,
,
,
,
,
,
,
,
,
,
,
,
,
,
,
,
,
,
,
,
,
,
,
,
,
,
,
,
,
,
,
,
,
,
,
,
,
,
,
,
,
,
,
,
,
,
DM,
,
,
,
,
,
SUMMON_BLESS,
SHOUHU_NVSHEN_UNSELECT,
,
,
,
,
,
,
,
HERO_INHERIT_BETTER_TIPS,
,
,
,
,
,
,
,
,
LANG_REPEAT,
LANG_CONFIRM,
LANG_SYSTEM,
,
,
ACTIVITY_HOLIDAY_TIME_ERROR,
,
,
Weekly Limit IV plus,
Weekly Limit V plus,
Weekly Limit VI plus,
Monthly Limit VII plus,
Monthly Limit VIII plus,
,
,
,
,
,
,
,
,
,
,
,
,
,
,
,
,
,
,
,
,
ACTIVITY_HOLIDAY_TIME,
,
DEFEND_IGNORE_LEVEL,
,
,
,
,
,
,
,
,
,
,
,
,
,
,
,
,
,
,
,
,
,
,
,
,
,
,
,
,
,
,
,
,
,
,
,
,
,
,
,
,
,
,
,
,
,
,
,
,
,
,
,
,
,
,
,
,
,
,
,
,
,
,
,
,
,
,
,
,
,
,
,
,
,
,
,
,
,
,
,
,
,
,
,
,
,
,
,
,
,
,
,
,
,
,
,
,
,
,
,
,
,
,
,
,
,
,
,
,
,
,
,
,
,
,
,
,
,
,
,
,
,
,
,
,
,
,
,
,
,
,
,
,
,
,
,
,
,
,
,
,
,
,
,
,
,
,
,
,
,
,
,
,
,
,
,
,
,
,
,
,
,
,
,
,
,
,
,
,
,
,
,
,
,
,
,
,
,
,
,
,
,
,
,
,
,
,
,
,
,
,
,
,
,
,
,
,
,
,
,
,
,
,
,
,
,
,
,
,
,
,
,
,
,
,
,
,
,
,
,
,
,
,
,
,
,
,
,
,
,
,
,
,
,
,
,
,
,
,
,
MAIN_HERO_AWAKE_NEED,
MAIN_HERO_AWAKE_NEED_AWAKE,
HERO_COUNT_NOT_ENOUGH,
SKILL_MAIN_OPEN_QUALITY_LEVEL,
,
,
,
,
,
,
,
,
,
,
,
,
,
,
,
,
,
,
,
,
,
,
,
,
,
,
,
,
,
,
,
,
,
,
,
,
,
,
,
,
,
,
,
,
,
,
,
,
,
,
,
,
,
,
,
,
,
,
,
,
,
,
,
,
,
,
,
,
,
,
,
,
,
,
,
,
,
,
,
,
,
,
,
,
,
,
,
,
,
,
,
,
,
,
,
,
,
,
,
,
,
,
,
,
,
,
,
,
,
,
,
,
,
,
,
,
,
,
,
,
,
,
,
,
,
,
,
,
,
,
,
,
,
,
,
,
,
,
,
,
,
,
,
,
,
,
,
,
,
,
,
,
,
,
HERO_TRAIN_CONFIRM,
ARMOR_FUSION_ARMOR_STRENGTHEN,
,
,
,
,
,
,
,
,
,
,
,
,
,
,
,
,
,
,
,
,
,
,
,
,
,
,
,
,
,
,
,
,
,
,
,
,
,
,
,
,
,
,
,
,
,
,
,
,
,
,
,
,
,
,
,
,
,
,
,
,
,
,
,
,
,
,
,
,
,
,
,
,
,
,
,
,
,
,
,
,
,
,
,
,
,
,
,
,
,
,
,
,
,
,
,
,
,
,
,
,
,
,
,
,
,
,
,
,
,
,
,
,
ONE_KEY_STRENGTHEN_ARMOR_EMPTY,
ONE_KEY_STRENGTHEN_ARMOR_LEVEL_MAX,
,
,
,
,
,
,
,
,
,
,
,
,
,
,
,
,
,
,
,
,
,
,
,
,
,
,
,
,
,
,
,
,
,
SUMMON_GOLD_CONFIRM,
CHECKERBOARD_TITLE_1,
CHECKERBOARD_TITLE_2,
CHECKERBOARD_MINUTE_TIPS,
CHECKERBOARD_HOUR_TIPS,
CHECKERBOARD_MINUTE_COIN_TIPS,
CHECKERBOARD_HOUR_COIN_TIPS,
CHECKERBOARD_MINUTE_EXP_TIPS,
CHECKERBOARD_HOUR_EXP_TIPS,
CHECKERBOARD_MINUTE_FAST_BATTLE_TIPS,
CHECKERBOARD_HOUR_FAST_BATTLE_TIPS,
CHECKERBOARD_MINUTE_WEN_HAO_TIPS,
CHECKERBOARD_STAMINA_NOT_ENOUGH,
CHECKERBOARD_REWARD_HAS_GOT,
Today is a fine day and perfect for doing:,
Today is a fine day and perfect to doing:,
,
,
,
,
,
,
,
,
,
,
,
,
,
,
,
,
ZDHJ_DAY_NAME_FUSION,
ZDHJ_DAY_NAME_SUMMON,
ZDHJ_DAY_NAME_GIFT_BOX_USE,
ZDHJ_DAY_NAME_TRAIN,
ZDHJ_DAY_NAME_AWAKE,
ZDHJ_DAY_NAME_GEM_UPGRADE,
ZDHJ_DAY_NAME_SPECIAL_DEVOUR,
ZDHJ_ACTIVITY_FUSION,
ZDHJ_ACTIVITY_SUMMON,
ZDHJ_ACTIVITY_GIFT_BOX_USE,
ZDHJ_ACTIVITY_TRAIN,
ZDHJ_ACTIVITY_AWAKE,
ZDHJ_ACTIVITY_GEM_UPGRADE,
ZDHJ_ACTIVITY_SPECIAL_DEVOUR,
ZDHJ_DAY_NAME_1,
ZDHJ_DAY_NAME_2,
ZDHJ_DAY_NAME_3,
ZDHJ_DAY_NAME_4,
ZDHJ_DAY_NAME_5,
ZDHJ_DAY_NAME_6,
ZDHJ_DAY_NAME_7,
CHECKERBOARD_STAMINA_RECOVER_TITLE,
,
,
,
,
,
Time remaining:,
GO_TO_UPDATE,
,
,
,
,
SKY_STONE_MAX,
COIN_SHOP_BUY_ALL_CONFIRM,
,
,
,
,
,
,
,
,
,
lock_tips,
RATE_IN_STORE,
Rate now,
Later,
,
STOP_ENTER_THE_GAME_TIPS,
,
,
,
,
,
,
,
,
,
,
,
,
,
,
,
,
,
,
,
,
AD_ADVENTURE_COUNT_REMINE,
AD_ADVENTURE_TITLE_MX,
AD_ADVENTURE_TITLE_QY,
AD_ADVENTURE_REMINE_TIMES_TIPS,
AD_ADVENTURE_GIVEUP_CONFIRM_TIPS_TOP,
AD_ADVENTURE_GIVEUP_CONFIRM_TIPS_BOTTOM,
,
,
,
,
,
,
,
,
,
,
,
,
,
,
,
,
,
,
,
,
,
,
,
,
,
,
,
,
,
,
,
,
,
,
,
,
,
,
,
,
,
,
,
,
,
,
,
,
,
,
,
,
,
,
,
,
,
,
,
,
,
,
,
,
,
,
,
,
,
,
,
,
,
,
,
,
,
,
,
,
,
,
,
,
,
,
,
,
,
,
,
,
,
,
,
,
,
,
,
,
,
,
,
,
,
,
,
,
,
,
,
,
,
,
,
,
,
,
,
,
,
,
,
,
,
,
,
,
,
,
,
,
,
,
,
,
,
,
,
,
,
,
,
,
,
,
,
,
,
,
,
,
,
,
,
,
,
,
,
,
,
,
,
,
,
,
,
,
,
,
,
,
,
,
,
,
,
,
,
,
,
,
,
,
,
,
,
,
,
,
,
,
,
,
,
,
,
,
,
,
,
,
,
,
,
,
,
Level up cost:,
,
,
ACTIVITY_SUMMON_TEXT_DESC,
ACTIVITY_SUMMON_MY_SCORE,
,
,
,
,
,
,
,
,
,
,
,
,
,
TIME_LEFT,
CUSTOM_GIFT_NAME_SKY_TOWER1,
CUSTOM_GIFT_NAME_SKY_TOWER2,
CUSTOM_GIFT_NAME_BOSS1,
CUSTOM_GIFT_NAME_BOSS2,
CUSTOM_GIFT_NAME_STAR1,
CUSTOM_GIFT_NAME_STAR2,
CUSTOM_GIFT_NAME_ANGLE1,
CUSTOM_GIFT_NAME_ANGLE2,
CUSTOM_GIFT_NAME_LOGIN1,
CUSTOM_GIFT_NAME_LOGIN2,
CUSTOM_GIFT_NAME_TRAIN1,
CUSTOM_GIFT_NAME_TRAIN2,
CUSTOM_GIFT_CONTENT,
,
AD_LOGIN_OFFLINE_DES,
point,
ACTIVITY_SUMMON_SCORE_UI_NAME,
AD_LOGIN_GIFT1_NAME,
AD_LOGIN_GIFT2_NAME,
,
,
,
,
,
,
ARMOR_QUALITY_NOT_ENOUGH,
AD_ADVENTRUE_RECEIVE_REWARD,
,
,
,
,
,
,
,
,
,
,
,
,
,
,
,
,
,
,
,
,
,
,
,
,
,
,
,
,
,
,
AD_VEDIO_NOT_AVAILABLE,
AD_VEDIO_ERROR,
ACTIVITY_TIME_END,
CUSTOM_GIFT_ALREDY_BUY,
CUSTOM_GIFT_TIME_ERROR,
MY_ENTRY_GROUP,
,
,
Deutsch,
,
,
,
,
,
#NAME?,
,
SP,
RU,
DE,Deutsch
ARMOR_SPECIAL_DEVOUR_MAX,
Auto-equip,
Unequip all,
,
,
,
,
America,
Asia,
Europe,
,
,
,
,
,
,
,
,
,
,
,
,
,
,
BATTLE_ARRAY_CONTENT,
DAMAGE_ADD,
DAMAGE_MINUS,
,
,
,
,
,
GIFT_CODE_INVALID,
GIFT_CODE_EXPIRE,
GIFT_CODE_USED,
GIFT_CODE_HAS_RECEIVE_THIS_TYPE,
GUILD_BOSS_24HOUR_JOIN_LIMIT,
Redeem Code,
BOUNTY_SOCIETY_GOODS_COUNT,
BOUNTY_SOCIETY_AWARD,
BOUNTY_SOCIETY_TIME_COUNT_DOWN,
CONFIRM_EXIT_THE_GUILD,
,
,
,
,
,
,
,
,
,
,
,
,
,
,
,
,
,
,
,
,
,
,
,
,
,
,
,
,
,
,
,
,
,
,
,
,
,
,
,
,
,
Avatar,
Frame,
SUMMON_ACTIVITY_CHANGE_CONFIRM,
,
,
,
,
,
,
,
,
,
BATTLE_REPORT_EXPIRE,
,
,
,
,
,
,
,
,
,
,
,
,
,
,
,
SUMMON_LOOP_CHANGE_SAME_PLACE,
switch,
CHANGE_BIG_REGION_SERVER_STOPED,
exchange quantity,
,
,
,
,
,
,
,
,
,
,
,
,
ARMOR_MAKE_SPECIAL_LEVEL,
ARMOR_MAKE_SPECIAL_TIPS,
,
,
,
,
,
,
,
,
,
,
,
ALL_DEF_IGNOR,
FUNCTION_UNLOCK_DUNGEON_NEED_TIPS,
FUNCTION_UNLOCK_USER_LEVEL_NEED_TIPS,
,
,
,
,
,
,
,
,
,
,
,
,
,
,
,
CHOOSE_ARMOR,Lv.{0} {1}
CHOOSE_SPECIAL_ARMOR,{0}
ALL_DEF_IGNORE,
,
,
,
,
,
,
,
,
,
,
,
,
,
,
,
,
,
,
,
,
,
,
,
,
,
,
,
,
,
,
,
,
,
,
,
,
,
,
,
,
,
,
,
,
,
,
,
,
,
,
,
,
,
,
,
,
,
,
,
,
,
,
,
,
,
,
,
,
,
,
,
,
,
,
,
,
,
,
,
,
,
,
,
,
,
,
,
,
,
,
,
,
,
,
,
,
,
,
,
,
,
,
,
,
,
,
,
,
,
,
,
,
,
,
,
,
,
,
,
,
,
,
,
,
,
,
,
,
,
,
,
,
,
,
,
,
,
,
,
,
,
,
,
,
,
,
,
,
,
,
,
,
,
,
,
,
,
,
,
,
,
,
,
,
,
,
,
,
,
,
,
,
,
,
,
,
,
,
,
,
,
,
Friends,
Recommend,
Request,
Blacklist,
,
,
,
,
,
,
,
,
,
,
,
,
,
,
,
,
,
,
,
,
,
,
,
,
,
,
,
,
,
,
,
,
,
,
,
,
,
,
,
,
,
,
,
,
,
,
,
,
,
,
,
,
,
,
,
,
,
,
,
,
,
,
,
,
,
,
,
,
,
,
,
,
,
,
,
,
,
,
,
,
,
,
,
,
,
,
,
,
,
,
,
,
,
,
,
,
,
,
,
,
,
,
,
,
,
,
,
,
,
,
,
,
,
,
,
,
,
,
,
,
,
,
,
,
,
,
,
,
,
Select Purple,
Select Orange,
Smelt,
Craft Equipment,
Craft Artifact,
Smelt Pt,
,
,
Exploit Shop,
Glory Shop,
Guild Shop,
,
,
,
,
SELECT,
NV_SHEN_SHOU_HU,
NV_SHEN_SHOU_HU_HERO_SELECT,
,
send,
Craft,
,
ALL_DUNGEON_COMPLETE,
HERO_IN_SHOUHU_CAN_NOT_FIGHT,
yyyyyy,
,
,
,
,
DAILY TASKS,
,
total,
,
Level-up,
,
Quest,
ACT:,
,
,
,
UpgradeDailyDungen,
Standard,
Advanced,
Platinum,
Supreme,
,
,
,
,
,
,
,
Challenge List,
,
serlar training settings,
,
,
,
,
HERO_LEVEL_MAX,
,
,
,
EVERY_DAY_TEQUAN,
EVERY_DAY_LIBAO,
VIP,VIP
,
HERO_EXP,
,
,
,
,
,
,
,
,
,
,
,
,
,
,
,
,
,
,
,
,
,
,
,
,
,
,
,
,
,
,
,
,
,
,
,
,
,
,
,
,
,
,
,
,
,
,
,
,
,
,
,
,
,
,
,
,
,
,
,
,
,
,
,
,
,
,
,
,
Privilege,
Epuipment,
SUMMON_TIPS,
GUILD_CONTRIBUTION,
,
,
,
,
,
,
,
,
,
,
HERO_IN_SHOUHU,
SHOP_BUY_TIPS,
HOW_TO_GET_DIALOG_TITLE,
,
,
,
,
,
,
,
,
,
,
,
,
7-days Login,
,
TITLE_SUMMON_PLACE_REWARD,
SUMMON_TYPE_DESC_24,
SUMMON_TYPE_DESC_14,
SUMMON_TYPE_DESC_13,
SUMMON_TYPE_DESC_12,
SUMMON_TYPE_DESC_11,
SUMMON_TYPE_DESC_23,
SUMMON_TYPE_DESC_10,
SUMMON_TYPE_DESC_9,
SUMMON_TYPE_DESC_8,
SUMMON_TYPE_DESC_5,
SUMMON_TYPE_DESC_4,
SUMMON_TYPE_DESC_3,
SUMMON_TYPE_DESC_2,
SUMMON_TYPE_DESC_1,
SUMMON_FLOORS_DESC,
,
,
,
,
,
,
,
,
,
,
,
,
,
,
,
,
,
,
,
,
,
,
,
,
,
,
,
,
,
,
,
,
,
,
,
,
,
,
,
SELL OUT,SOLD OUT
SELL_OUT,SOLD OUT
,
CHARGE_VIP_LV_TIPS_TWO,
,
,
EVENT_SHOP_DAILY,
EVENT_GOD_TREASURE_HOUSE,
EVENT_GOD_GIFT,
EVENT_GOD_TASK,
,
,
GO_TO_RONGLIAN,
,
,
,
,
,
,
,
,
,
,
,
,
,
,
,
,
,
,
,
,
,
CUSTOM_GIFT_NAME_LEVEL1,
CUSTOM_GIFT_NAME_LEVEL2,
REACH_LEVEL_UNLOCK_SUMMON,
EVENT_GOD_TREASURE_HOUSE_LAYER,
,
,
,
,
,
EVENT_AC_TITLE,
GOD_TREASURE_HOUSE_END_TIPS,
EVENT_GOD_TREASURE_OPEN_TIPS,
CHECKERBOARD_MINUTE_HERO_EXP_TIPS,
CHECKERBOARD_HOUR_HERO_EXP_TIPS,
CHECKERBOARD_MINUTE_SHENHE_TIPS,
CHECKERBOARD_HOUR_SHENHE_TIPS,
ZSZZ_IN_OTHER_ARENA,
ZSZZ_STATE_ERROR,
ZSZZ_RANK_EXPIRE,
ZSZZ_FIGHT_COUNT_NOT_ENOUGH,
ZSZZ_REPORT_EXPIRE,
ZSZZ_BUY_FIGHT_COUNT,
ZSZZ_ROBOT_NAME,
ZSZZ_USER_RANK,
ZSZZ_GET_REWARD_CONTENT,
ZSZZ_RANK_TITLE,
ZSZZ_SIGN_UP_TITLE,
ZSZZ_WAIT_FIGHT_COUNT_DOWN,
ZSZZ_SIGN_UP_WAIT_COUNT_DOWN,
ZSZZ_TIME_LEFT,
ZSZZ_SCORE,
ZSZZ_FIGHT_COUNT,
PVP_ENTRANCE_ZSZZ,
,
,
,
,
,
,
,
,
,
,
,
,
,
,
,
,
,
,
,
,
,
,
,
,
,
,
,
,
,
,
,
,
,
,
,
,
,
,
,
,
,
,
,
,
,
,
,
,
,
,
,
,
,
,
,
,
,
,
,
,
,
,
,
,
,
ZSZZ_ROBOT_HEAD_CLICK,NPC
EVENT_LUCK_PLACE_TITLE,
,
,
,
,
,
,
,
,
SUMMON_TYPE_DESC_0,
SUMMON_TYPE_DESC_22,
SUMMON_TYPE_DESC_21,
SUMMON_TYPE_DESC_25,
SUMMON_TYPE_DESC_26,
SUMMON_TYPE_DESC_27,
SUMMON_TYPE_DESC_28,
SUMMON_TYPE_DESC_29,
SUMMON_TYPE_DESC_30,
,
Action Center,
GUILD_MEMBER_REMOVE_TIPS,
GUILD_MEMBER_TURN_LEADER_TIPS,
ZSZZ_SCORE_NAME,
,
,
,
,
,
,
HERO_SKILL_UNLOCK,
HERO_SKILL_UPGRADE,
,
,
,
Welfare Center,
,
,
SPIN,
Sky-tower,
Invade Boss,
Battle of gods,
,
HP+500,
HP+1000,
HP+2000,
,
,
,
,
,
,
,
,
,
,
,
,
,
,
,
,
,
,
,
,
,
,
,
,
,
,
,
,
,
,
,
,
,
,
,
New Skill Umlocked,
Skill Upgrade,
FREE SPIN,
ZSZZ_NOT_READY,
Event not yet opened,
ZSZZ_ASSIGNING,
,
,
,
,
,
,
,
,
,
,
,
,
,
,
,
,
,
,
,
,
,
,
Community,
,
,
,
,
,
,
,
,
HERO_SKIN_EXPIRE,
,
CONTENT_CONTAIN_SHIELD_WORD,
WORLD_BOSS_CHALLENGE_NUM,
SERVER_CAN_NOT_LOGIN,
,
WORLD_BOSS_SHOWTEXT_1,
WORLD_BOSS_SHOWTEXT_2,
WORLD_BOSS_SHOWTEXT_3,
WORLD_BOSS_SHOWTEXT_4,
WORLD_BOSS_SHOWTEXT_5,
WORLD_BOSS_SHOWTEXT_6,
WORLD_BOSS_SHOWTEXT_7,
WORLD_BOSS_SHOWTEXT_8,
WORLD_BOSS_SHOWTEXT_9,
WORLD_BOSS_SHOWTEXT_10,
WORLD_BOSS_SHOWTEXT_11,
WORLD_BOSS_SHOWTEXT_12,
WORLD_BOSS_SHOWTEXT_13,
WORLD_BOSS_SHOWTEXT_14,
WORLD_BOSS_SHOWTEXT_15,
WORLD_BOSS_SHOWTEXT_16,
WORLD_BOSS_SHOWTEXT_17,
WORLD_BOSS_SHOWTEXT_18,
guild_dungeon_name1,
guild_dungeon_name2,
guild_dungeon_name3,
guild_dungeon_name4,
guild_dungeon_name5,
GUILD_OPEN_DUNGEON_POWER_NEED_TIPS,
GUILD_OPEN_DUNGEON_TIPS,
GUILD_DUNGEON_DES,
GUILD_DUNGEON_OPEN_TIPS,
GUILD_DUNGEON_CHAT_MESSAGE,
BATTLE_COUNT_LIMIT,
SPEED,
,
,
,
,
,
,
,
,
,
,
,
,
,
,
,
,
,
,
,
,
,
,
,
,
,
,
,
,
,
SEND_FACE_IMAGE_QUICK,
,
,
,
,
,
,
,
,
,
,
,
,
,
,
,
PLEASE_UP_VIP_LEVEL,
MONTH_CARD_WORLD_BOSS_TITLE,
MONTH_CARD_WORLD_BOSS_CONTENT,
TSJL_GET_REWARD,
TSJL_HERO_COUNT_NOT_ENOUGH,
,
,
TSJL_TIPS,
,
,
,
,
,
,
,
,
,
,
,
,
,
,
,
,
,
,
,
,
,
,
,
BEST_SLOT_HAS_BE_OPENED,
,
,
,
,
,
,
,
,
,
,
,
,
,
,
,
,
,
,
,
,
,
,
,
,
,
,
,
,
,
,
,
,
,
,
,
,
,
,
,
,
,
Angel's invitation,
,
,
,
,
,
,
,
,
,
,
send\n,
,
,
,
,
,
,
,
,
,
,
,
,
,
,
,
,
,
,
,
,
,
,
,
,
,
,
,
,
,
,
,
,
,
,
,
,
,
,
,
,
,
,
,
,
,
,
,
,
,
,
,
,
,
,
,
,
,
,
,
,
,
,
,
,
,
,
,
,
,
,
,
,
,
,
,
,
,
,
,
CHAT_LIMIT,
GOODS_EXCHANGE_TEXT_CONTENT,
GEM_HUNTER_GOODS_COUNT,
GEM_HUNTER_PROFICIENCY,
GEM_HUNTER_AWARD,
HOLYCORE_HUNTER_GOODS_COUNT,
HOLYCORE_HUNTER_PROFICIENCY,
HOLYCORE_HUNTER_AWARD,
,
RELIC_UNHAVE,
RELIC_QUALITY_LEVEL_ERROR,
RELIC_COUNT_NOT_ENOUGH,
RELIC_QUALITY_LEVEL_MAX,
RELIC_DRESSED,
RELIC_CAPACITY_MAX,
RELIC_ADD_CAPACITY,
RELIC_QUALITY_BLUE_ATTR,
RELIC_QUALITY_PURPLE_ATTR,
RELIC_QUALITY_ORANGE_ATTR,
RELIC_QUALITY_RED_ATTR,
RELIC_SELL_QUALITY_ALL,
RELIC,
,
,
,
,
,
,
,
,
,
,
,
,
,
,
,
,
,
,
,
,
,
,
,
,
,
,
,
,
,
,
,
,
,
,
,
,
,
,
,
,
,
,
,
,
,
,
,
,
,
,
,
,
,
,
,
,
,
,
,
,
,
,
,
,
,
,
,
,
,
,
,
,
,
,
,
,
,
,
,
,
,
,
,
ABYSS_BRANCH_SHOP_DIALOG_INFOMATION,
,
,
,
,
,
,
,
,
,
,
,
,
,
,
,
,
,
,
,
,
,
,
,
,
,
,
,
,
,
,
RELIC_STRENGTHEN_SELECT,
RELIC_CONFIRM_HAVE_SR,
RELIC_CONFIRM_HAVE_DRESSED,
CRIT_PERMILLAGE,
DEHIT_PERMILLAGE,
DAMAGE_ADD_TARGET_WU_JIANG,
DAMAGE_ADD_TARGET_GONG_JIANG,
DAMAGE_ADD_TARGET_MOU_SHI,
DAMAGE_MINUS_TARGET_WU_JIANG,
DAMAGE_MINUS_TARGET_GONG_JIANG,
DAMAGE_MINUS_TARGET_MOU_SHI,
EFFECT_CHANCE_PERMILLAGE,
TRUE_DAMAGE_ADD,
TREAT_ADD,
,
,
,
,
,
,
,
,
,
,
,
,
,
,
,
,
,
,
,
,
,
,
,
,
,
,
,
,
,
,
,
,
,
,
,
ABYSS_ENEMY,
HERO_HP_RECOVER,
,
ADVENTURE_MAX,
,
ABYSS_RESET,
,
JP,
,
,
,
,
,
,
,
,
,
,
,
,
,
,
,
,
,
,
,
,
,
,
,
,
,
,
,
,
,
,
,
,
,
,
,
,
,
,
,
,
,
,
,
,
ABYSS_HUIFUYAOSHUI_TITLE,
ABYSS_HUIFUYAOSHUI_DESC,
ABYSS_FUHUOYAOSHUI_TITLE,
ABYSS_FUHUOYAOSHUI_DESC,
ABYSS_SHOP_BRANCH_DESC,
ABYSS_SPRING_BRANCH_DESC,
SUMMON_TYPE_DESC_101,
SUMMON_TYPE_DESC_102,
SUMMON_TYPE_DESC_103,
SUMMON_TYPE_DESC_104,
LEVEL_OPEN_HONOR_ZSZZ,
,
,
ABYSS_FIGHT_DESC,
ABYSS_TIME_TIPS,
,
,
,
,
,
,
,
,
,
HUNTER_NOT_RECEIVE_AWARD,
Normal,
Elite\n,
Horrible\n,
Legend,
ABYSS_GOODS_DESC,
RELIC_COUNT_MAX,
ABYSS,
,
,
Advanced success,
ALL_AWARD_RECEIVED,
,
,
,
Max,
Star,
Attribute:,
PROGRESS,
Change Cover Angel,
{0}DAY,
Save,
Cancel\n,
Cancel,
Value :,
SEPCIAL_ARMOR_STAR_VALUE,
Rank,
Name,
Level,
FightPower,
Members,
Episode,
CLEAR,
{0}% clear,
Sky-tower\n,
ACT:\n,
,
{0} OFF_DIS,
OFF,
Episode 1,
Episode 2,
Episode 3,
Episode 4,
Episode 5,
Episode 6,
Episode 7,
Episode 8,
Episode 9,
Episode 10,
Episode 11,
Episode 12,
Episode 13,
Episode 14,
Episode 15,
Episode 16,
Episode 17,
Episode 18,
Episode 19,
Episode 20,
Episode 21,
Episode 22,
Episode 23,
Episode 24,
Episode 25,
Episode 26,
Episode 27,
Episode 28,
Episode 29,
Episode 30,
Episode 31,
Episode 32,
Episode 33,
Episode 34,
Episode 35,
Episode 36,
Episode 37,
Episode 38,
Episode 39,
Episode 40,
Episode 41,
Episode 42,
Episode 43,
Episode 44,
Episode 45,
Episode 46,
Episode 47,
Episode 48,
Episode 49,
Episode 50,
,
,
,
,
,
,
HERO_GROUP_INFO_UNHAVE,
,
,
,
,
,
,
,
,
,
,
,
,
,
,
,
,
,
,
,
,
,
,
,
,
,
,
,
,
,
,
,
,
,
,
,
DIVISION_1,
DIVISION_2,
DIVISION_3,
DIVISION_4,
,
,
,
,
,
GUILD_WAR_STEP_0_TIPS,
GUILD_WAR_STEP_1_TIPS,
GUILD_WAR_STEP_2_TIPS,
GUILD_WAR_STEP_3_TIPS,
GUILD_WAR_STEP_4_TIPS,
GUILD_WAR_STEP_5_TIPS,
GUILD_WAR_STEP_6_TIPS,
GUILD_WAR_STEP_7_TIPS,
,
,
,
,
,
,
,
,
,
,
,
,
,
Final MVP,
Season MVP,
Most match mvp player,
,
,
,
GUILD_WAR_ZONE_CFG_NOT_EXIST,
GUILD_WAR_SEASON_NOT_EXIST,
GUILD_WAR_SEASON_BE_SKIP,
GUILD_WAR_SIGN_UP_EXPIRE,
GUILD_WAR_FIGHT_REPORT_NOT_EXIST,
GUILD_WAR_CLOSE,
GUILD_WAR_NOT_OPEN,
GUILD_WAR_SIGIN_UP_LEVEL_LIMIT,
GUILD_WAR_WAITING_NEW_SEASON,
GUILD_WAR_CAN_NOT_BU_ZHEN,
GUILD_WAR_GUESS_MAIL_TITLE,
GUILD_WAR_GUESS_MAIL_CONTENT,
GUILD_WAR_MVP_REWARD_TITLE,
GUILD_WAR_MVP_REWARD_CONTENT,
GUILD_WAR_DAMAGE_REWARD_TITLE,
GUILD_WAR_DAMAGE_REWARD_CONTENT,
GUILD_WAR_RANK_REWARD_MAIL_TITLE,
GUILD_WAR_RANK_REWARD_MAIL_CONTENT_0,
GUILD_WAR_RANK_REWARD_MAIL_CONTENT_32,
GUILD_WAR_RANK_REWARD_MAIL_CONTENT_16,
GUILD_WAR_RANK_REWARD_MAIL_CONTENT_8,
GUILD_WAR_RANK_REWARD_MAIL_CONTENT_4,
GUILD_WAR_RANK_REWARD_MAIL_CONTENT_2,
GUILD_WAR_RANK_REWARD_MAIL_CONTENT_1,
,
GUILD_WAR_RANK_REWARD,
,
RELIC_AUTO_STRENGTHEN_SUCCESS,
,
,
,
,
GUILD_WAR_SIGN_UP_NOTIFY_MESSAGE,
,
,
,
,
,
,
,
,
,
,
,
,
,
,
,
,
,
,
,
,
,
,
,
,
,
,
,
,
,
,
,
,
,
,
,
,
,
,
,
,
,
,
,
,
,
,
,
,
,
,
,
,
,
,
,
,
,
,
,
,
,
,
,
,
GUILD_WAR_ROUND,
GUILD_WAR_BATTLE_REPORT_1,
,
GUILD_WAR_BATTLE_REPORT_2,
KorAgreement,
COMMON_AGREEMENT,
,
,
,
,
,
,
,
,
,
,
,
,
,
,
,
,
,
,
,
,
,
,
,
,
,
,
,
,
,
,
,
,
,
,
,
,
,
,
,
,
,
,
,
,
,
,
,
,
,
,
,
,
,
,
,
,
HERO_ARRAY_COUNT_MAX_LIMIT_SIX,
GUILD_WAR_CAN_NOT_CHANGE_LOGO,
,
,
,
,
Notify members,
GUILD_WAR_WIN_COUNT_REWARD_TITLE,
GUILD_WAR_WIN_COUNT_REWARD_CONTENT,
,
,
,
,
,
,
,
Personal glory\n,
Kills:,
Total kills:,
MVP times:,
Season {0},
Reserve members,
,
,
,
,
,
,
,
ACTIVE,
ACTIVITY_SUMMON_DESC_12,
Change Guild Emblem,
{0},
,
,
,
GUILD_WAR_MVP_REWARD_CONTENT_5,
GUILD_WAR_MVP_REWARD_CONTENT_4,
GUILD_WAR_MVP_REWARD_CONTENT_3,
GUILD_WAR_MVP_REWARD_CONTENT_2,
GUILD_WAR_MVP_REWARD_CONTENT_1,
GUILD_FIGHT_ATTACK_BUFF,
GUILD_WAR_MEMBER_IN,
USER_NAME_LENGTH_MAX,
,
,
,
,
,
,
,
,
,
,
,
,
,
,
,
,
,
,
,
,
,
,
,
,
,
ACTIVITY_SUMMON_DESC_13,
,
,
,
,
,
,
,
,
,
,
,
,
LOADINGSHUFFING_TIP_1,
LOADINGSHUFFING_TIP_2,
LOADINGSHUFFING_TIP_3,
LOADINGSHUFFING_TIP_4,
LOADINGSHUFFING_TIP_5,
LOADINGSHUFFING_TIP_6,
LOADINGSHUFFING_TIP_7,
WISH_REFRESH_TIME,
WISH_AUTO_CONFIRM,
WISH_JUMP_CONFIRM,
WISH_INDEX_MAX,
WISH_INDEX_MAX_TIP,
,
,
,
,
,
,
,
,
,
,
,
,
ATTRIBUTE_FIGHT_ADDON_DEFEND,
ATTRIBUTE_FIGHT_ADDON_DEFEND_IGNORE_LEVEL,
ATTRIBUTE_FIGHT_ADDON_PHYSC_DEF,
ATTRIBUTE_FIGHT_ADDON_MAGIC_DEF,
ATTRIBUTE_FIGHT_ADDON_HIT,
ATTRIBUTE_FIGHT_ADDON_DEHIT,
ATTRIBUTE_FIGHT_ADDON_CRIT,
ATTRIBUTE_FIGHT_ADDON_DECRIT,
ATTRIBUTE_SPECIAL_ADDON_ALL_DEF_IGNORE,
ATTRIBUTE_SPECIAL_ADDON_DEFEND_IGNORE,
ATTRIBUTE_ATTRIBUTE_LEVEL,
,
,
,
,
,
,
,
,
,
,
,
,
,
,
,
,
,
,
,
,
,
,
,
,
ACTIVITY_SUMMON_DESC_14,
ACTIVITY_SUMMON_DESC_15,
ACTIVITY_SUMMON_DESC_16,
ACTIVITY_SUMMON_DESC_17,
ACTIVITY_SUMMON_DESC_18,
ACTIVITY_SUMMON_DESC_19,
ACTIVITY_SUMMON_DESC_20,
ACTIVITY_SUMMON_DESC_21,
ACTIVITY_SUMMON_DESC_22,
ACTIVITY_SUMMON_DESC_23,
,
,
,
,
,
,
,
,
,
,
,
CHARM,
DRESS_GROUP_TITLE,
,
Dress,
,
,
(Main Attribute),
,
,
,
,
WORLD_BOSS_SHOWTEXT_19,
TOU_SHI,
SHANG_ZHUANG,
XIA_ZHUANG,
TUI_SHI,
SHOU_SHI,
TE_SHU,
DRESS_FULL,
,
,
,
,
,
DRESS_LEVEL_MAX,
Next Opponent,
,
,
,
,
TITLE_WISH_PLACE_REWARD,
,
,
DRESS_STRENGTHEN_UNSELECT,
,
,
,
,
,
,
,
,
,
Star:,
Attribute:\n,
,
,
,
GUILD_APPLE_MEMBER_FIGHT,
,
,
,
,
,
,
,
ACTIVITY_HOT_WISH_LOCK,
ACTIVITY_HOT_NOT_OPEN,
,
,
,
,
,
,
,
,
,
,
,
,
,
,
,
,
,
,
,
,
,
,
,
,
,
,
,
,
,
,
,
,
,
,
,
,
,
,
,
,
,
,
,
,
,
,
,
,
,
,
,
GUILD_APPLE_STEP_0_TIPS,
GUILD_APPLE_STEP_1_TIPS,
GUILD_APPLE_STEP_2_TIPS,
GUILD_APPLE_STEP_3_TIPS,
GUILD_APPLE_STEP_4_TIPS,
GUILD_APPLE_STEP_5_TIPS,
GUILD_APPLE_STEP_6_TIPS,
GUILD_APPLE_STEP_7_TIPS,
GUILD_APPLE_NOT_OPEN,
GUILD_APPLE_SIGN_UP_LIMIT,
GUILD_APPLE_SIGN_UP_EXPIRE,
GUILD_APPLE_FIGHT_COUNT_LIMIT,
GUILD_APPLE_BATTLE_END,
GUILD_APPLE_AREADY_MOBAI_TODAY,
GUILD_APPLE_CELUE_TIME_ERROR,
GUILD_APPLE_CELUE_START_TIME,
GUILD_APPLE_NEED_SELECT_HERO,
GUILD_APPLE_NEED_DOWN_HERO,
GUILD_APPLE_UP_15_HERO_ONLY,
GUILD_APPLE_PAIQIAN_HERO_FIRST,
GUILD_APPLE_HERO_HAS_BUFF,
,
GUILD_APPLE_SELECT_HERO_FIRST,
,
GUILD_APPLE_RANK_REWARD_MAIL_TITLE,
GUILD_APPLE_RANK_REWARD_MAIL_CONTENT_32,
GUILD_APPLE_RANK_REWARD_MAIL_CONTENT_16,
GUILD_APPLE_RANK_REWARD_MAIL_CONTENT_8,
GUILD_APPLE_RANK_REWARD_MAIL_CONTENT_4,
GUILD_APPLE_RANK_REWARD_MAIL_CONTENT_2,
GUILD_APPLE_RANK_REWARD_MAIL_CONTENT_1,
GUILD_APPLE_SUPPORT_REWARD_MAIL_TITLE,
GUILD_APPLE_SUPPORT_REWARD_MAIL_CONTENT_32_04,
GUILD_APPLE_SUPPORT_REWARD_MAIL_CONTENT_02,
GUILD_APPLE_SUPPORT_REWARD_MAIL_CONTENT_01,
,
,
,
ACTIVITY_SUMMON_DESC_24,
ACTIVITY_SUMMON_DESC_25,
ACTIVITY_SUMMON_DESC_26,
,
GUILD_APPLE_MOBAI_CHAMPION_TIPS,
,
,
,
,
,
,
,
,
,
,
,
,
,
,
,
,
,
ACTIVITY_HOT_WISH_REWARD_NORMAL_MAIL_TITLE,
ACTIVITY_HOT_WISH_REWARD_NORMAL_MAIL_CONTENT,
ACTIVITY_HOT_WISH_REWARD_UNLOCK_MAIL_TITLE,
ACTIVITY_HOT_WISH_REWARD_UNLOCK_MAIL_CONTENT,
ACTIVITY_HOT_TASK_DAILY_REWARD_MAIL_TITLE,
ACTIVITY_HOT_TASK_DAILY_REWARD_MAIL_CONTENT,
ACTIVITY_HOT_END_REWARD_MAIL_TITLE,
ACTIVITY_HOT_END_REWARD_MAIL_CONTENT,
GUILD_APPLE_COIN,
,
,
,
,
,
,
,
,
HOT_ACTIVITY_SCORE,<color=#A0A5ABFF>Pt</color>{0}
,
ACTIVE_RECHRAGE_TASK_ALL,
ACTIVE_RECHRAGE_BUTTON_TIPS_ALL,
ACTIVE_RECHRAGE_TASK_DAILY,
ACTIVE_RECHRAGE_BUTTON_TIPS_DAILY,
,
ACTIVE_RECHRAGE_TASK_ONCE,
ACTIVE_RECHRAGE_BUTTON_TIPS_ONCE,
,
ACTIVE_RECHRAGE_TIPS_KEEP_1,
,
CHARGE_KEEP_TIPS_NOT_CHARGE_TODAY,
ACTIVE_RECHRAGE_REWARD_KEEP,
ACTIVE_RECHRAGE_BUTTON_TIPS_KEEP,
,
,
ACTIVE_COST_TASK_ALL,
,
ACTIVE_COST_TIPS_DAILY,
ACTIVE_COST_TASK_DAILY,
,
ACTIVE_COST_REWARD_TIPS_KEEP,
,
ACTIVE_COST_REWARD_KEEP,
ACTIVE_COST_BUTTON_TIPS_KEEP,
,
,
,
,
,
ACTIVE_WISH_TIPS,
ACTIVE_WISH_BUTTON_TIPS_GEM,
ACTIVE_WISH_BUTTON_TIPS_CORE,
ACTIVE_WISH_BUTTON_TIPS_TRAIN,
,
,
,
,
,
,
,
ACTIVE_WISH_RANK_TITLE,
ACTIVE_WISH_RANK_REWARD_TITLE,
ACTIVE_WISH_RANK_REWARD_TIPS,
,
CHARM_ADD,
DRESS_CONFIRM_HAVE_ORANGE,
,
,
,
,
,
,
,
,
,
,
,
,
,
,
,
,
TSHJ_REWARD_MAIL_TITLE,
TSHJ_REWARD_MAIL_CONTENT,
,
,
,
GUILD_WAR_APPLE_NEW_SEASON,
GUILD_APPLE_AREADY_SUPPORT,
,
,
,
,
,
,
,
,
,
LEVEL_OPEN__GUILD_APPLE,
,
,
,
,
,
TIAN_KONG_TA,
XING_CHEN_SHI_LIAN,
MAO_XIAN,
DA_ZHAO,
,
,
,
,
,
,
,
,
,
ACTIVITY_HOT_WISH_SCORE_NOT_ENOUGH,
,
,
,
,
,
TRANSLATE_FAILED,
,
,
,
,
,
,
,
,
,
,
,
,
,
,
,
SUCCESS\n,
PlEASE_RESTART_GAME,
Changing cost:500,
,
,
,
,
,
,
,
,
,
,
,
,
,
,
,
,
,
,
,
,
,
,
,
,
,
,
,
,
,
,
,
,
,
,
,
,
,
HOLYCORE_HUNTER_PROFICIENCY_LEVEL,
GEM_HUNTER_PROFICIENCY_LEVEL,
,
,
,
,
,
,
,
,
,
,
,
,
,
,
ACTIVITY_HOT_SHOP_BUY_LIMIT,
SOLD OUT,
,
,
,
,
,
,
,
,
,
,
,
,
,
CHARGE_KEEP_TIPS_CHARGE_TODAY,
STOP_CHAT_TIPS,
,
,
CUSTOM_BOX_TITLE,
CUSTOM_BOX_TIPS,
GUILD_NAME_REPEAT,
,
,
,
USER_BACK_NEW_ENTRY_GIFT_MAIL_TITLE,
USER_BACK_NEW_ENTRY_GIFT_MAIL_CONTENT,
ACTIVITY_USER_BACK_LOGIN_REPEAT,
ACTIVITY_USER_BACK_LOGIN_NOT_ENOUGH,
ACTIVITY_USER_BACK_GIFT_NOT_ENOUGH,
ACTIVITY_USER_BACK_LOGIN_TASK_NAME,
MAIN_HERO_CAN_NOT_INHERIT_ATTRIBUTE,
USER_BACK_NEW_ENTRY_CONFIRM,
ACTIVITY_USER_BACK_UNHAVE_NEW_ENTRY,
,
NEED_RESTART_SERVER,
,
,
,
,
,
,
,
Welcome Back,
,
,
,
,
,
,
,
,
,
,
,
,
,
,
,
,
,
,
,
ACTIVITY_HOLIDAY_NOT_ENOUGH,
GUILD_APPLE_RANK_REWARD_MAIL_CONTENT_0,
,
,
,
,
,
,
,
,
,
USER_BACK_TRIAL_ACTIVE,
,
,
,
,
GUILD_APPLE_SHOP_BUY_LIMIT_TIPS,
LEVEL_OPEN_CHAT,
,
,
,
,
,
,
,
,
,
,
,
,
,
,
,
,
,
,
,
,
,
,
,
,
,
,
,
,
,
,
,
,
ACTIVITY_SUMMON_DESC_27,
,
,
,
,
,
,
,
,
,
,
,
TIME_LIMIT_LOGO_SOURCE,
TIME_LIMIT_LOGO_DESCRIBE,
TIME_LIMIT_LOGO_END_TIME,
GLARENESS_REACH_VALUE,
TOTAL_GLARENESS,
HERO_ALREADY_LINEUP,
HERO_AWAKE_STAR_ALREADY_LINEUP,
HERO_NOT_HAVE_MORE_SKIN_TO_LINEUP,
HERO_PALACE_NOT_LINEUP,
HERO_PALACE_AWAKE_NOT_HAVE,
HERO_PALACE_NOT_HAVE_ENOUGH_SKIN_STAR,
GUILD_ASPL_SEASON_NOT_EXIST,
GUILD_ASPL_SEASON_BE_SKIP,
GUILD_ASPL_SIGN_UP_EXPIRE,
GUILD_ASPL_CLOSE,
GUILD_ASPL_NOT_OPEN,
GUILD_ASPL_SIGIN_UP_LEVEL_LIMIT,
GUILD_ASPL_CAN_NOT_BU_ZHEN,
GUILD_ASPL_GUESS_MAIL_TITLE,
GUILD_ASPL_GUESS_MAIL_CONTENT,
GUILD_ASPL_MVP_REWARD_TITLE,
GUILD_ASPL_MVP_REWARD_CONTENT,
GUILD_ASPL_DAMAGE_REWARD_TITLE,
GUILD_ASPL_DAMAGE_REWARD_CONTENT,
GUILD_ASPL_RANK_REWARD_MAIL_TITLE,
GUILD_ASPL_RANK_REWARD_MAIL_CONTENT_0,
GUILD_ASPL_RANK_REWARD_MAIL_CONTENT_32,
GUILD_ASPL_RANK_REWARD_MAIL_CONTENT_16,
GUILD_ASPL_RANK_REWARD_MAIL_CONTENT_8,
GUILD_ASPL_RANK_REWARD_MAIL_CONTENT_4,
GUILD_ASPL_RANK_REWARD_MAIL_CONTENT_2,
GUILD_ASPL_RANK_REWARD_MAIL_CONTENT_1,
GUILD_ASPL_SIGN_UP_NOTIFY_MESSAGE,
GUILD_ASPL_CAN_NOT_SIGN_UP,
GUILD_ASPL_NOT_IN_SIGN_UP_TIME,
HERO_PALACE_NEXT_CONDITION_TIPS,
,
,
,
,
,
,
,
,
,
,
,
,
,
TEXT_LENGTH_LIMIT,
ZONE_TEXT,
,
,
,
,
,
,
,
,
,
,
,
,
,
,
,
,
,
,
,
,
,
,
,
,
,
,
,
,
,
,
,
,
,
,
,
,
,
,
,
,
,
,
,
,
NOT_HAVE_GLARENESS_COLLECT,
,
,
,
,
,
,
,
,
,
,
,
,
,
,
,
,
,
,
,
,
,
,
,
,
,
,
,
,
,
,
,
,
,
,
,
,
,
,
,
,
,
,
,
,
,
,
,
,
,
,
,
,
,
,
,
,
,
,
,
,
,
,
,
,
,
,
,
,
,
,
,
,
,
,
,
,
,
,
,
,
,
,
,
,
HONOR_ARENA_NOT_OPEN,
,
,
SUMMON_PLACE_REWARD_TIPS,
,
,
HONOR_ARENA_WORSHIP_MAIL_CONTENT,
HERO_GOD_DEBRIS_NOT_ENOUGH,
HERO_ALREADY_ADVANCE,
MAIN_HERO_CAN_NOT_ADVANCE,
HERO_GOD_AWAKE_MAX,
HERO_NORMAL_AWAKE_NOT_REACH,
HERO_GOD_AWAKE_LEVEL_TEXT,
HERO_GOD_AWAKE_TIPS,
,
,
,
,
,
,
,
,
,
,
,
,
,
,
,
,
,
,
,
,
,
,
,
,
,
,
,
,
,
,
,
,
,
,
,
,
,
ACTIVITY_SUMMON_DESC_28,
,
NEED_GET_SSR_HERO_FIRST,
HERO_GOD_AWAKE_NEED_AWAKE_LEVEL_CONTENT,
,
THIS_HERO_GOD_AWAKE_NOT_OPEN,
,
,
,
,
,
,
,
,
,
,
,
,
,
,
,
,
,
,
,
,
,
,
,
,
,
,
,
,
PVP_ENTRANCE_GUILD_ASPL,
,
,
,
,
,
,
,
,
,
,
,
,
,
GUILD_ASPL_RANK_REWARD,
GUILD_ASPL_TITLE,
,
,
GUILD_ASPL_FIGHT_REPORT_NOT_EXIST,
,
,
,
,
,
,
,
,
,
GUILD_ASPL_MVP_REWARD_CONTENT_5,
GUILD_ASPL_MVP_REWARD_CONTENT_4,
GUILD_ASPL_MVP_REWARD_CONTENT_3,
GUILD_ASPL_MVP_REWARD_CONTENT_2,
GUILD_ASPL_MVP_REWARD_CONTENT_1,
,
,
,
,
,
,
,
,
,
,
,
,
,
,
,
,
NO_GONGGAO_TIPS,
,
,
,
,
,
,
,
,
,
SUMMON_TYPE_DESC_41,
SUMMON_TYPE_DESC_42,
SUMMON_TYPE_DESC_43,
CHAT_TIME_MONTH_DAY_YEAR,
CHAT_TIME_MONTH_DAY,
,
,
,
,
,
,
,
,
,
,
,
,
,
,
,
,
,
,
,
,
,
,
,
,
,
,
,
,
,
,
,
ACTIVITY_SUMMON_DESC_29,
,
,
,
Nekomata,
,
,
,
,
,
,
,
,
,
,
,
,
,
,
,
,
,
,
,
,
,
,
,
,
,
,
ACTIVITY_SUMMON_DESC_30,
,
,
,
,
,
,
,
,
,
,
,
,
,
,
,
,
,
,
,
,
,
,
,
,
,
,
ACTIVITY_SUMMON_DESC_31,
SPECIAL_ARMOR_MAX_LEVEL_TIPS,
,
,
ACTIVITY_QMKH_ACTIVE_REWARD_MAIL_TITLE,
ACTIVITY_QMKH_ACTIVE_REWARD_MAIL_CONTENT,
,
,
WENJUAN_TITLE,
,
,
,
,
,
SURVEY_REWARD_MAIL_TITLE,
SURVEY_REWARD_MAIL_CONTENT,
,
,
,
,
,
,
,
,
,
,
,
,
,
,
,
,
,
SUMMON_TYPE_DESC_202,
SUMMON_TYPE_DESC_201,
SUMMON_TYPE_DESC_200,
,
,
,
,
,
,
,
,
,
,
,
,
,
,
,
,
,
,
,
,
,
,
,
,
,
,
,
,
,
,
,
,
,
,
,
,
,
,
,
,
,
,
,
,
,
,
,
,
,
,
,
,
,
,
,
,
,
,
,
,
,
,
,
,
,
,
,
,
,
,
,
,
,
,
,
,
,
,
,
,
,
,
,
,
,
,
,
,
days trial,
,
,
,
,
,
,
,
,
,
,
,
,
,
,
,
,
,
,
,
,
Monday,
Tuesday,
Wednesday,
Thursday,
Friday,
Saturday,
Sunday,
,
,
,
,
,
,
,
,
,
,
,
,
,
,
,
,
,
,
,
,
,
,
,
,
,
ACTIVITY_SUMMON_DESC_32,
,
,
,
,
,
GUILD_ASPL_SKIP,
,
CHAT_TIPS,
Zone:,
Today,
Yesterday,
,
,
,
,
,
,
,
,
,
,
,
,
,
,
SUMMON_BAO_DI_TIPS,
,
ACTIVITY_SUMMON_DESC_33,
,
,
,
,
,
,
,
,
,
,
,
,
,
,
,
,
GUILD_APPLE_CLOSE,
GUILD_ASPL_WIN_COUNT_REWARD_TITLE,
GUILD_ASPL_WIN_COUNT_REWARD_CONTENT,
FIGHT_RESULT_BOSS_HP_LEFT,
FIGHT_NOT_FRIEND,
,
,
,
,
,
,
GO Now!,
COUNTRY_WAR_DESC_1,
COUNTRY_WAR_DESC_2,
COUNTRY_WAR_DESC_3,
COUNTRY_WAR_DESC_4,
COUNTRY_WAR_DESC_5,
COUNTRY_WAR_DESC_6,
COUNTRY_WAR_DESC_7,
COUNTRY_WAR_DESC_8,
COUNTRY_WAR_DESC_9,
COUNTRY_WAR_DESC_10,
COUNTRY_WAR_DESC_11,
COUNTRY_WAR_DESC_12,
COUNTRY_WAR_DESC_13,
COUNTRY_WAR_DESC_14,
COUNTRY_WAR_DESC_15,
COUNTRY_WAR_DESC_16,
COUNTRY_WAR_DESC_17,
COUNTRY_WAR_DESC_18,
COUNTRY_WAR_DESC_19,
COUNTRY_WAR_DESC_20,
COUNTRY_WAR_DESC_21,
COUNTRY_WAR_DESC_22,
COUNTRY_WAR_DESC_23,
COUNTRY_WAR_DESC_24,
COUNTRY_WAR_DESC_25,
COUNTRY_WAR_DESC_26,
COUNTRY_WAR_DESC_27,
COUNTRY_WAR_USE_GOODS_POWER_TIPS,
COUNTRY_WAR_MESSAGE_DECLARED,
COUNTRY_WAR_MESSAGE_BE_DECLARED,
COUNTRY_WAR_MESSAGE_USE_GOODS,
COUNTRY_WAR_CLOSE,
COUNTRY_WAR_HAS_NOT_SIGIUP,
COUNTRY_WAR_NOT_OPEN,
COUNTRY_WAR_FIGHT_REPORT_NOT_EXIST,
COUNTRY_WAR_SIGN_UP_TIME_EXPIRE,
COUNTRY_WAR_SIGN_UP_LEVEL_LIMIT,
COUNTRY_WAR_XUAN_ZHAN_CONDITION_LIMIT,
COUNTRY_WAR_XUAN_ZHAN_TIME_LIMIT,
COUNTRY_WAR_CELUE_TIME_LIMIT,
COUNTRY_WAR_TEAM_COUNT_MAX,
COUNTRY_WAR_AREADY_MOBAI_TODAY,
COUNTRY_WAR_GOODS_NOT_ENOUGH,
COUNTRY_WAR_DELCARED_COUNT_MAX,
COUNTRY_WAR_TEAM_IN_CITY,
COUNTRY_WAR_PVE_LEVEL3_CITY_NEED_CAPTURE,
COUNTRY_WAR_SIGN_UP_TITLE,
COUNTRY_WAR_SIGN_UP_CONTENT,
COUNTRY_WAR_CAPTURE_TITLE,
COUNTRY_WAR_CAPTURE_CONTENT,
COUNTRY_WAR_ATTACK_WIN_TITLE,
COUNTRY_WAR_ATTACK_WIN_CONTENT,
COUNTRY_WAR_ATTACK_LOS_TITLE,
COUNTRY_WAR_ATTACK_LOS_CONTENT,
COUNTRY_WAR_SET_TEAM_SUCCESS,
COUNTRY_WAR_NOT_IN_SIGNUP_STEP,
COUNTRY_WAR_NOT_IN_BATTLE_STEP,
COUNTRY_WAR_NOT_IN_MOBAI_STEP,
COUNTRY_WAR_SIGN_UP_PVE_NOTIFY_MESSAGE,
COUNTRY_WAR_SIGN_UP_PVP_NOTIFY_MESSAGE,
COUNTRY_WAR_XUAN_ZHAN_NOTIFY_MESSAGE,
COUNTRY_WAR_USE_GOODS_NOTIFY_MESSAGE,
COUNTRY_WAR_BATTLE_RESULT_NOTIFY_MESSAGE,
SEASON_NO,
PVP_ENTRANCE_COUNTRY_WAR,
COUNTRY_WAR_USE_GOODS_TIPS,
COUNTRY_WAR_JOIN_TIME_EXPIRE,
,
,
,
,
,
,
,
,
,
,
,
,
,
,
,
,
,
,
,
,
,
,
,
,
,
,
,
,
,
,
,
,
,
,
,
,
ACTIVITY_SUMMON_DESC_34,
,
,
,
,
,
,
,
,
,
,
,
,
,
,
,
,
,
,
,
,
,
,
,
ACTIVE_SUMMON_FIRSTWEEK_OPEN_2,
,
,
ACTIVE_SUMMON_FIRSTWEEK_AWAKE_TASK1,
ACTIVE_SUMMON_FIRSTWEEK_AWAKE_TASK2,
ACTIVE_SUMMON_FIRSTWEEK_AWAKE_TASK3,
ACTIVE_SUMMON_FIRSTWEEK_AWAKE_TASK4,
,
ACTIVE_SUMMON_FIRSTWEEK_SUMMONTASK_TITLE,
ACTIVE_SUMMON_FIRSTWEEK_SUMMONTASK_NUM,
ACTIVE_SUMMON_FIRSTWEEK_SUMMONLIMIT,
,
,
SERVER_NEED_SELECT,
NOTHING_CAN_SELL,
ARMOR_EQUIP_BEST,
ARMOR_EQUIP_EMPTY,
DRESS_EQUIP_BEST,
DRESS_EQUIP_EMPTY,
GEM_EQUIP_EMPTY,
,
SETTING_SUCCESS,
GIFT_CODE_EMPTY,
ABYSS_GOODS_USE_HERO_EMPTY,
DRESS_STRENGTHEN_EMPTY,
COPY_SUCCESS,
,
,
,
,
,
,
HP,
,
,
,
,
,
,
,
,
,
,
,
,
,
,
,
,
,
,
,
,
,
,
,
,
,
,
,
,
,
,
,
,
,
,
,
,
,
,
,
,
,
,
,
Pt\n,
,
,
,
,
,
,
,
,
,
,
,
,
,
,
,
,
,
,
,
,
,
,
,
,
,
,
,
,
,
,
,
<color=#A0A5ABFF>Pt</color>1000/1000,
,
,
,
,
,
,
,
,
,
,
,
,
,
,
,
,
,
,
,
,
,
,
,
,
,
,
,
,
,
,
,
,
,
,
,
,
SUMMON_TYPE_DESC_111,
SUMMON_TYPE_DESC_112,
ACTIVITY_HERO_PRACTICE_NOT_GET_REWARD_TITLE,
ACTIVITY_HERO_PRACTICE_NOT_GET_REWARD_CONTENT,
ACTIVE_SUMMON_FIRSTWEEK_OPEN_3,
,
,
,
,
,
,
,
,
,
,
,
,
,
,
,
,
,
,
,
,
,
,
,
,
,
TASK_WEEK_TIPS,
,
,
,
,
,
,
,
,
,
,
,
,
,
,
,
,
,
,
,
,
,
,
,
success,
,
,
,
,
,
,
,
,
,
,
,
,
,
,
,
,
,
,
,
,
,
,
,
,
,
,
,
,
,
,
,
,
,
,
,
,
,
,
,
,
,
,
,
,
,
,
,
,
,
,
,
ACTIVE_SUMMON_FIRSTWEEK_BOSS_CHALLENGER,
ACTIVE_SUMMON_FIRSTWEEK_BOSS_DMG,
ACTIVE_SUMMON_FIRSTWEEK_BOSS_NODMG,
ACTIVE_SUMMON_FIRSTWEEK_BOSS_RANK,
,
ACTIVE_SUMMON_FIRSTWEEK_BOSS_NORANK,
,
ACTIVE_SUMMON_FIRSTWEEK_BOSS_REWARDSHOW,
ACTIVE_SUMMON_FIRSTWEEK_BOSS_REWARDTIPS,
ACTIVE_SUMMON_FIRSTWEEK_BOSS_BUFF,
ACTIVITY_HERO_PRACTICE_RANK_REWARD_MAIL_TITLE,
ACTIVITY_HERO_PRACTICE_RANK_REWARD_MAIL_CONTENT,
ACTIVITY_HOLIDAY_SUMMON_EXCHANGE_ROUND_NUM,
GUILD_WAR_KNOCKOUT_END_TITLE,
GUILD_WAR_KNOCKOUT_START_TIME_TIPS,
,
,
,
ACTIVITY_HOLIDAY_NOT_DEFEAT_PRE_BOSS,
ACTIVITY_HOLIDAY_CUR_BOSS_IS_DEFEAT,
ACTIVITY_HOT_WISH_RANK_REWARD_MAIL_TITLE,
ACTIVITY_HOT_WISH_RANK_REWARD_MAIL_CONTENT,
,
MONTH_VIP_EXPIRE_TIPS_MAIL_TITLE,
MONTH_VIP_EXPIRE_TIPS_MAIL_CONTENT,
,
,
,
LEFT_REMAIN_COUNT,
,
,
,
,
,
,
,
,
,
,
,
,
,
,
,
,
,
,
,
,
,
,
,
,
,
,
,
,
,
,
,
,
,
,
,
,
,
,
,
,
,
ACTIVITY_SUMMON_DESC_35,
ACTIVITY_SUMMON_DESC_36,
,
,
,
,
SHOW_TWO_OK_DIALOG_TEXT,
,
,
,
,
,
,
,
,
,
,
,
,
,
,
,
,
,
,
ACTIVITY_SUMMON_DESC_37,
,
,
,
,
,
,
,
,
,
,
ACTIVITY_HOLIDAY_COIN,
,
,
,
,
,
,
,
,
,
,
,
,
,
,
,
,
,
,
,
,
,
,
,
,
,
,
,
,
,
,
,
,
,
,
,
,
,
,
,
,
,
,
,
,
,
,
,
,
,
,
,
,
,
,
ADVANCED_MONTH_VIP_FAST_FIGHT_TIPS,
ACTIVITY_HOLIDAY_EXCHANGE_COIN_TITLE,
ACTIVITY_HOLIDAY_EXCHANGE_COIN_CONTENT,
,
,
,
,
,
,
,
,
,
,
,
,
,
,
week_title,
week_jindu,
week_content,
ACTIVITY_HOLIDAY_CELEBRATION_BANNER,
,
WORLD_BOSS_SHOWTEXT_20,
WORLD_BOSS_SHOWTEXT_21,
,
,
,
,
,
,
,
,
,
,
,
,
,
,
Weekly gift pack daily,
,
,
,
,
,
,
,
,
,
,
ACTIVITY_SUMMON_DESC_38,
,
,
,
,
,
,
,
,
,
,
,
,
,
,
,
,
,
,
,
,
,
,
,
,
,
,
,
,
,
,
,
,
,
,
,
,
,
,
,
,
,
,
,
,
,
,
,
,
,
ACTIVITY_SUMMON_DESC_300,
,
,
ACTIVITY_SUMMON_DESC_39,
,
,
,
ACTIVE_SUMMON_FIRSTWEEK_STORY_TIPS,
ACTIVE_SUMMON_FIRSTWEEK_STORY_LOCK,
,
HERO_TALENT_LEVEL_MAX,
,
,
,
,
ACTIVITY_SUMMON_DESC_40,
,
,
,
,
,
PROFRESSION_BATTLE_NUM,
PROFRESSION_BATTLE_ZERO_NUM,
PROFRESSION_NUM_NO,
PROFRESSION_TIME_ERROR,
PROFRESSION_HERO_ERROR,
PROFRESSION_HERO_MAX,
,
,
,
,
,
,
,
,
,
,
,
,
,
,
,
,
,
,
,
,
SOLDIER_TOWER,
ARCHER_TOWER,
WIZARD_TOWER,
PROFRESSION_DESC,
LIMIT_SUMMON_UR_TIPS,
,
,
,
,
,
,
,
,
,
,
,
,
,
,
ACTIVE_WISH_BUTTON_TIPS_ARTIFACT,
,
,
,
,
,
,
,
,
,
,
,
,
,
,
,
,
,
,
,
,
,
,
WORLD_BOSS,
,
DAMAGE_VALUE,
HERO_PRACTICE_CHALLENGE_BOSS,
HERO_PLAY_LEGEND,
HOLIDAY_CHALLENGE_BOSS,BOSS: {0}
GUILD_WAR_FIGHT_RESULT,
GUILD_APPLE_FIGHT_RESULT,
ALPS_FIGHT_RESULT,
COUNTRY_WAR_FIGHT_RESULT,
ZSZZ,
ARENA,
,
,
,
,
,
,
,
,
,
HONOR_ARENA,
,
,
CONTRY_WAR,
,
,
,
,
,
,
,
,
,
,
,
GUILD_FIGHT_VALUE_CONDITION_MAX_TIPS,
ASPL,
,
,
,
,
,
,
,
,
,
,
,
,
,
,
,
FRIEND,
,
GUILD_WAR,
USER_LEVEL_BUY,
,
,
,
,
,
,
,
,
,
,
,
,
,
,
,
,
,
,
,
,
,
,
,
,
,
,
,
,
,
,
,
,
,
,
,
,
,
,
,
,
,
,
,
,
,
,
,
,
,
,
,
,
,
,
,
,
,
,
,
,
,
,
,
,
,
,
,
,
,
,
,
,
,
,
,
,
,
,
,
,
,
,
,
,
,
,
,
,
,
,
,
,
,
,
,
,
,
,
,
,
,
,
,
,
,
,
,
,
,
,
,
,
,
,
,
,
,
,
,
,
,
,
,
,
,
,
,
,
,
,
,
,
,
,
,
,
,
,
,
,
,
,
,
,
,
,
,
,
,
,
,
,
,
,
,
,
,
,
,
,
,
,
,
,
,
,
,
,
,
,
,
,
,
,
,
,
,
,
,
,
,
,
,
,
,
,
,
,
,
,
,
,
,
,
,
,
,
,
,
,
,
,
,
,
,
,
,
,
,
,
,
,
,
,
,
,
,
,
,
,
,
,
,
,
,
,
,
,
,
,
,
,
,
,
,
,
,
,
,
,
,
,
,
,
,
,
,
,
,
,
,
,
,
,
,
,
,
,
,
,
,
,
,
,
,
,
,
,
,
,
,
,
,
,
,
,
,
,
,
,
,
,
,
,
,
,
,
,
,
,
,
,
,
,
,
,
,
,
,
,
,
,
,
,
,
,
,
,
,
,
,
,
,
,
,
,
,
,
,
,
,
,
,
,
,
,
,
,
,
,
,
,
,
,
,
,
,
,
,
,
,
,
,
,
,
,
,
,
,
,
,
,
,
,
,
,
,
,
,
,
,
,
,
,
,
,
,
,
,
,
,
,
,
,
,
,
,
,
,
,
,
,
,
,
,
,
,
,
,
,
,
,
,
,
,
,
,
,
,
,
,
,
,
,
,
,
,
,
,
,
,
,
,
,
,
,
,
,
,
,
,
,
,
,
,
,
,
,
,
,
,
,
,
,
,
,
,
,
,
,
,
,
,
,
,
,
,
,
,
,
,
,
,
,
,
,
,
,
,
,
,
,
,
,
,
,
,
,
,
,
,
,
,
,
,
,
,
,
,
,
,
,
,
,
,
,
,
,
,
,
,
,
,
,
,
,
,
,
,
,
,
,
,
,
,
,
,
,
,
,
,
,
,
,
,
,
,
,
,
,
,
,
,
,
,
,
,
,
,
,
,
,
,
,
,
,
,
,
,
,
,
,
,
,
,
,
,
,
,
,
,
,
,
,
,
,
,
,
,
,
,
,
,
,
,
,
,
,
,
,
,
,
,
,
,
,
,
,
,
,
,
,
,
,
,
,
,
,
,
,
,
,
,
,
,
,
,
,
,
,
,
,
,
,
,
,
,
,
,
,
,
,
,
,
,
,
,
,
,
,
,
,
,
,
,
,
,
,
,
,
,
,
,
,
,
,
,
,
,
,
,
,
,
,
,
,
,
,
,
,
,
,
,
,
,
,
,
,
,
,
,
,
,
,
,
,
,
,
,
,
,
,
,
,
,
,
,
,
,
,
,
,
,
,
,
,
,
,
,
,
,
,
,
,
,
,
,
,
,
,
,
,
,
,
,
,
,
,
,
,
,
,
,
,
,
,
,
,
,
,
,
,
,
,
,
,
,
,
,
,
,
,
,
,
,
,
,
,
,
,
,
,
,
,
,
,
,
,
,
,
,
,
,
,
,
,
,
,
,
,
,
,
,
,
,
,
,
,
,
,
,
,
,
,
,
,
,
,
,
,
,
,
,
,
,
,
,
,
,
,
,
,
,
,
,
,
,
,
,
,
,
,
,
,
,
,
,
,
,
,
,
,
,
,
,
,
,
,
,
,
,
,
,
,
,
,
,
,
,
,
,
,
,
,
,
,
,
,
,
,
,
,
,
,
,
,
,
,
,
,
,
,
,
,
,
,
,
,
,
,
,
,
,
,
,
,
,
,
,
,
,
,
,
,
,
,
,
,
,
,
,
,
,
,
,
,
,
,
,
,
,
,
,
,
,
,
,
,
,
,
,
,
,
,
,
,
,
,
,
,
,
,
,
,
,
,
,
,
,
,
,
,
,
,
,
,
,
,
,
,
,
,
,
,
,
,
,
,
,
,
,
,
,
,
,
,
,
,
,
,
,
,
,
,
,
,
,
,
,
,
,
,
,
,
,
,
,
,
,
,
,
,
,
,
,
,
,
,
,
,
,
,
,
,
,
,
,
,
,
,
,
,
,
,
,
,
,
,
,
,
,
,
,
,
,
,
,
,
,
,
,
,
,
,
,
,
,
,
,
,
,
,
,
,
,
,
,
,
,
,
,
,
,
,
,
,
,
,
,
,
,
,
,
,
,
,
,
,
,
,
,
,
,
,
,
,
,
,
,
,
,
,
,
,
,
,
,
,
,
,
,
,
,
,
,
,
,
,
,
,
,
,
,
,
,
,
,
,
,
,
,
,
,
,
,
,
,
,
,
,
,
,
,
,
,
,
,
,
,
,
,
,
,
,
,
,
,
,
,
,
,
,
,
,
,
,
,
,
,
,
,
,
,
,
,
,
,
,
,
,
,
,
,
,
,
,
,
,
,
,
,
,
,
,
,
,
,
,
,
,
,
,
,
,
,
,
,
,
,
,
,
,
,
,
,
,
,
,
,
,
,
,
,
,
,
,
,
,
,
,
,
,
FAVOR_VALUE_ALREADY_MAX,
HERO_ALREADY_VOWED,
SET_PRIVATE_NAME_TOO_OFTEN,
FAVOR_VALUE_NOT_ENOUGH,
HERO_NOT_VOWED,
,
ACTIVITY_SUMMON_DESC_41,
,
,
,
,
,
,
,
,
,
,
,
,
,
,
,
,
,
,
,
,
,
,
,
,
,
,
,
,
,
,
,
,
,
,
,
,
,
,
,
,
,
,
,
,
,
,
,
,
,
,
,
,
,
,
,
,
,
,
,
,
,
,
,
,
,
,
,
,
,
,
,
,
,
,
,
,
,
,
,
,
,
,
,
,
,
,
,
,
,
,
,
,
,
,
,
,
,
,
,
,
,
,
,
,
,
,
,
,
,
,
,
,
,
,
,
,
,
,
,
,
,
,
,
,
,
,
,
,
,
,
,
,
,
,
,
,
,
,
,
,
,
,
,
,
,
,
,
,
,
,
,
,
,
,
,
,
,
,
,
,
,
NAME_BLANK_SPACE,
,
,
,
,
,
,
,
,
,
,
,
,
,
,
,
,
,
,
,
,
,
,
,
,
,
,
,
,
,
Staring Iimited,
,
,
,
,
,
,
,
,
,
,
,
,
,
,
,
,
,
,
,
,
,
,
,
,
,
,
,
,
,
,
,
,
COUNTRY_WAR_COIN_NOT_ENOUGH,
COUNTRY_WAR_SHOP_BUY_COUNT_LIMIT,
,
COUNTRY_WAR_COIN,
,
,
,
,
,
,
,
,
,
,
,
,
,
,
,
,
,
,
,
,
,
,
,
,
,
,
COUNTRY_WAR_RANK_TITLE,
COUNTRY_WAR_RANK_CONTENT,
,
,
,
,
,
,
,
,
ACTIVITY_SUMMON_DESC_42,
,
,
,
,
,
,
,
,
,
,
,
,
,
,
,
,
,
,
,
,
,
,
,
,
,
,
,
,
,
HDRES_DOWNLOAD_NOTICE,
,
,
,
,
,
,
,
,
,
,
,
,
,
,
,
,
,
,
,
,
,
,
,
,
ACTIVITY_SUMMON_DESC_43,
,
,
,
,
,
,
,
,
,
,
,
,
,
,
,
,
,
,
,
,
,
,
,
,
,
,
,
,
,
,
,
,
,
,
,
,
,
,
,
,
,
,
,
,
,
,
,
,
,
,
,
,
,
,
,
,
,
,
,
,
,
,
,
,
,
,
,
,
,
,
,
,
,
,
,
,
,
,
,
,
,
,
,
,
,
,
,
,
,
,
,
,
,
,
,
,
,
OUTLAND_BUILDING_LEVEL_MAX,
OUTLAND_BUILDING_ALREADY_UNLOCK,
OUTLAND_BUILDING_LOCK,
OUTLAND_BUILDING_COLLECT_TOO_OFTEN,
OUTLAND_BUILDING_LEVEL_NOT_ENOUGH,
OUTLAND_ENTRANCE_NOT_REPAIRED,
OUTLAND_BUILDING_NO_RES,
OUTLAND_SPAR,
,
,
,
ANIMAL_ALREADY_HAVE,
ANIMAL_NOT_HAVE,
ANIMAL_ALREADY_MAX_LEVEL,
ANIMAL_SKIN_NOT_HAVE,
ANIMAL_PUNISH_TIPS,
,
WARCRAFT_CITY_ENERGY_NOT_ENOUGH,
WARCRAFT_CITY_ENERGY_BUY_MAX,
,
,
,
,
,
,
,
,
,
,
ACTIVITY_SUMMON_DESC_44,
ACTIVITY_SUMMON_DESC_45,
ACTIVITY_SUMMON_DESC_46,
,
,
,
,
,
,
,
,
,
,
,
,
,
,
,
,
,
,
,
,
,
,
,
,
,
,
,
,
,
,
,
,
,
,
,
,
,
,
,
,
,
,
,
,
,
WORLD_BOSS_SHOWTEXT_22,
WORLD_BOSS_SHOWTEXT_23,
,
,
,
,
,
,
,
,
,
,
,
,
,
,
,
,
,
,
,
,
,
,
,
,
,
,
,
,
,
,
,
,
,
,
,
,
,
,
,
,
,
,
,
,
,
,
,
,
,
,
,
,
,
,
,
,
,
,
,
,
,
,
,
,
,
,
,
,
,
,
,
,
,
,
,
,
,
,
,
,
,
,
,
,
,
,
,
,
,
,
,
,
,
,
,
,
,
,
,
,
,
,
,
,
,
,
,
,
,
,
,
,
,
,
,
,
,
,
,
,
,
,
,
,
,
,
,
,
,
,
,
,
,
,
,
,
,
,
,
,
,
,
,
,
,
,
,
,
,
,
,
,
,
,
,
,
,
,
,
,
,
,
,
,
,
,
,
,
,
,
,
,
,
,
,
,
,
,
,
,
,
,
,
,
,
,
,
,
,
,
,
,
,
,
,
,
,
,
,
,
TIME_UNIT_MIN_OUTLAND,
,
,
,
,
,
,
,
,
,
,
,
,
,
,
,
,
,
,
,
,
,
,
,
,
,
,
,
,
,
,
,
,
,
,
,
,
,
,
,
,
,
,
,
,
,
,
,
,
,
,
,
,
,
,
,
,
,
,
,
,
,
,
,
,
,
,
,
,
,
,
,
,
,
,
,
,
,
,
,
,
,
,
,
,
,
,
,
,
,
,
,
,
,
,
,
,
,
,
,
,
ACTIVITY_HOLIDAY_DROP_SUMMON_SHOP,
ACTIVITY_HOLIDAY_DROP_SUMMON_QJSD,
ACTIVITY_HOLIDAY_DROP_SHOP_SCORE_NOT_ENOUGH,
ACTIVITY_HOLIDAY_DROP_SHOP_COUNT_LIMIT,
EVENT_ANIMALS_NOT_ENOUGH,
,
,
,
,
,
,
,
,
,
,
,
,
,
,
,
,
,
OUTLAND_VISIT_LIKE_ALREADY,
OUTLAND_VISIT_ASSIST_ALREADY,
OUTLAND_VISIT_LIKE_MAX,
OUTLAND_VISIT_ASSIST_MAX,
OUTLAND_VISIT_BE_ASSISTED_MAX,
OUTLAND_VISIT_OUTLAND_NOT_UNLOCK,
OUTLAND_VISIT_NONE_BUILDING_UNLOCK,
,
,
,
,
,
,
,
,
,
,
,
,
COUNTRY_WAR_SIGN_UP_CONFIRM_TIPS,
,
VIP EXP +1200,
,
,
,
,
,
,
,
,
,
,
OUTLAND_VISIT_NOT_FRIEND,
OUTLAND_NOT_OPEN,
,
,
,
,
,
,
,
,
,
,
,
,
,
,
,
,
,
,
,
,
,
,
,
,
,
,
,
,
,
,
,
,
,
,
,
,
,
,
,
,
,
,
,
,
,
,
,
,
,
,
,
,
,
,
,
,
,
,
,
,
,
,
,
,
,
,
,
,
,
,
,
,
,
,
,
,
,
,
,
,
,
,
,
ACTIVITY_SUMMON_DESC_47,
ACTIVITY_SUMMON_DESC_48,
,
,
,
,
,
,
,
,
,
,
,
,
,
,
,
,
,
,
,
,
,
,
,
,
,
,
,
,
,
,
,
,
,
,
,
,
,
,
,
,
,
,
,
,
,
,
,
,
,
,
,
,
,
,
,
,
,
,
,
,
,
,
,
,
NWHC_TOTAL_SCORE,
NWHC_ONCE_SCORE_MAX,
NWHC_ONCE_SCORE_NOW,
SURE_RESTART_GAME,
RESET_POS_GOODS_NOT_ENOUGHT,
REMOVE_GOODS_NOT_ENOUGH,
TOUCH_REMOVE_ONE_NVWU,
ACTIVITY_HOLIDAY_NWHC_NO_POWER,
ACTIVITY_HOLIDAY_NWHC_GAME_OVER,
LAST_ONE_CAN_NOT_REMOVE,
THIS_POSITION_NOT_HAVE_NVWU,
CURRENT_POWER_IS_MAX,
RECOVER_POWER_NEXT,
ACTIVITY_HOLIDAY_NWHC_ONCE_SCORE_RANK_REWARD_MAIL_TITLE,
ACTIVITY_HOLIDAY_NWHC_ONCE_SCORE_RANK_REWARD_MAIL_CONTENT,
ACTIVITY_HOLIDAY_NWHC_TOTAL_SCORE_RANK_REWARD_MAIL_TITLE,
ACTIVITY_HOLIDAY_NWHC_TOTAL_SCORE_RANK_REWARD_MAIL_CONTENT,
,
,
,
NWHC_RESTART_SURE,
,
,
,
,
,
,
,
,
,
,
,
,
,
,
,
,
,
,
,
,
NWHC_GUIDE_TIPS_1,
NWHC_GUIDE_TIPS_2,
,
,
,
,
,
,
,
,
,
,
,
,
,
,
,
,
,
,
,
,
,
,
,
,
,
,
,
,
,
ANIMAL_EVENT_DESC_1,
ANIMAL_EVENT_DESC_4,
,
,
ANIMAL_EVENT_DESC_3,
ANIMAL_EVENT_DESC_5,
ANIMAL_EVENT_DESC_6,
ANIMAL_EVENT_DESC_7,
,
,
,
,
,
JUBAO_CHAT_SUCCESS,
JUBAO_DELAY_DESC,
COUNTRY_WAR_PVP_SIGNUP_GUILD_COUNT,
COUNTRY_WAR_PVP_SIGNUP_TIPS,
COUNTRY_WAR_PVP_CANCEL_SIGNUP_TIPS,
COUNTRY_WAR_PVE_SIGNUP_TIPS,
COUNTRY_WAR_PVE_CANCEL_SIGNUP_TIPS,
COUNTRY_WAR_SWITHCH_SIGNUP_DESC,
,
,
,
,
,
,
,
,
,
,
,
,
,
,
,
,
,
,
,
,
,
,
,
,
,
,
,
,
,
,
,
,
,
,
,
,
,
,
,
,
,
,
,
,
,
,
,
,
,
,
,
,
,
,
,
,
,
,
,
,
,
,
,
,
,
,
,
,
,
,
,
,
,
,
,
,
,
,
,
,
,
,
,
,
,
,
,
,
,
,
,
,
,
,
,
,
,
,
,
,
,
,
,
,
,
,
,
,
,
,
,
,
,
,
,
,
,
,
,
,
,
,
,
,
,
,
,
,
,
,
,
,
,
,
,
,
,
,
,
,
,
,
,
,
,
,
,
,
,
,
,
,
,
,
,
,
,
,
,
,
,
,
,
,
,
,
,
,
,
,
,
,
,
,
,
,
,
,
,
,
,
,
,
,
,
,
,
,
,
,
,
,
,
,
,
,
,
,
,
,
,
,
,
,
ACTIVITY_SUMMON_DESC_49,
,
,
,
,
,
,
,
,
,
,
,
,
,
,
,
,
,
,
,
,
,
,
,
,
,
,
,
,
,
,
,
,
,
,
,
,
,
,
,
,
,
,
,
,
,
,
,
,
,
,
,
,
,
,
,
,
,
,
,
,
,
,
ACTIVITY_SUMMON_DESC_50,
ACTIVITY_SUMMON_DESC_51,
,
,
,
,
,
,
,
,
,
,
,
,
,
,
,
,
,
,
,
,
,
,
,
,
,
,
,
,
,
,
,
,
,
,
,
,
,
,
,
,
,
,
,
,
,
,
,
,
,
,
PAY_SELECT_VIRTUAL_COIN,
,
,
,
,
,
,
,
,
,
,
,
,
,
,
,
,
,
,
,
,
,
,
,
,
,
,
,
,
,
,
,
,
,
,
,
,
,
,
Azure Wings,
,
,
,
,
,
,
,
,
,
,
,
,
,
,
,
,
,
,
,
Icarus,
,
,
,
,
,
,
,
,
,
,
,
,
,
,
,
,
,
,
,
,
,
,
,
,
,
,
,
,
,
,
,
,
,
,
,
,
,
,
ACTIVITY_SUMMON_DESC_52,
TTPW_COIN,
TIANTI_PAIWEI_SHOP,
TIANTI_PAIWEI_SHOP_TIP,
TIANTI_PAIWEI_BUY_FIGHT_COUNT_MAX,
,
,
TIANTI_PAIWEI_NOT_OPEN,
TIANTI_PAIWEI_FIGHT_COUNT_NOT_ENOUGH,
TIANTI_PAIWEI_MATCH_TIMEOUT,
TIANTI_PAIWEI_REPORT_EXPIRE,
TIANTI_PAIWEI_TEAM_EMPTY,
TIANTI_PAIWEI_SHOP_BUY_COUNT_LIMIT,
TIANTI_PAIWEI_DEV_MATCH_RUNNING,
TIANTI_PAIWEI_PLAYER_NOT_IN_MATCHING_POOL,
,
,
,
,
,
,
,
,
,
,
,
,
,
,
,
,
,
,
,
,
,
,
,
,
,
,
,
,
TTPW_ZHANLING_TITLE,
TTPW_ZHANLING_CONTENT,
,
,
,
,
,
,
,
,
,
,
,
,
,
,
,
,
,
,
,
,
,
,
,
,
,
,
,
,
,
,
,
,
,
,
,
,
,
,
,
,
,
,
,
,
,
,
,
,
,
,
,
,
,
,
,
,
,
,
,
,
,
,
,
,
ARMOR_ILLUSION_GROUP,
ARMOR_ILLUSION_NOT_SELECT,
ARMOR_ILLUSION_STONE_NOT_ENOUGH,
Illusion,
,
,
,
,
,
,
ARMOR_ILLUSION_CAN_NOT_SELL,
,
,
ACTIVITY_HOLIDAY_COPY_COIN,
,
,
,
,
,
,
,
,
TIANTI_PAIWEI_REQUEST_MAX,
,
,
,
,
,
,
,
,
,
,
,
,
,
,
,
,
,
,
,
,
,
,
,
,
,
,
,
,
NOTICE_10012001,
ACTIVITY_HOLIDAY_BLIND_BOX_SCORE_RANK_REWARD_MAIL_CONTENT,
,
ACTIVITY_HOLIDAY_DAY_GIFT_NOT_ENOUGH,
BLIND_BOX_CONSUME_DIAMOLD,
BLIND_BOX_REFRESH_ONE,
BLIND_BOX_OPEN_ALL_BOX,
BLIND_BOX_OPEN_ONE_BOX,
OPEN_BOX_TIPS,
,
,
,
,
BLIND_BOX_GET_ONE_MAX_WEIGHT,
BLIND_BOX_REFRESH_COUNT_CAN_GET,
BLIND_BOX_MAX_CAN_GET_COUNT,
ACTIVITY_HOLIDAY_BLIND_BOX_SCORE_RANK_REWARD_MAIL_TITLE,
,
,
,
,
,
,
,
,
,
,
,
,
,
,
,
,
,
,
,
,
,
,
,
,
,
,
,
,
,
,
,
,
,
,
,
,
,
,
,
,
,
,
,
,
,
,
,
,
,
ACTIVITY_SUMMON_DESC_53,
ACTIVITY_SUMMON_DESC_54,
,
,
,
,
,
,
,
,
,
,
,
,
,
,
,
,
,
,
,
,
,
,
,
,
,
,
,
,
,
,
,
,
,
,
,
,
,
,
,
,
,
,
,
,
,
,
,
,
,
,
,
,
,
,
player,
,
,
,
,
,
,
,
,
,
,
,
MAX,
,
Change greater than 500,
,
Logout_Tishi,
,
unregister logout,
XUYUAN_COUNT_TIPS,
,
,
,
,
,
,
,
,
,
,
COUNTRY_WAR_HAS_SIGNUP_CANNOT_DISSOLVE_GUILD,
GUILD_ASPL_HAS_SIGNUP_CANNOT_DISSOLVE_GUILD,
,
,
,
,
,
,
,
,
,
,
,
,
,
,
,
,
,
,
,
,
,
,
,
,
,
,
,
,
,
,
,
,
,
,
,
,
,
,
,
,
,
,
,
RELIC_CONFIRM_UP_TO_UR,
,
,
,
,
,
,
,
,
,
,
,
,
,
,
,
,
,
,
,
,
,
,
,
,
Magic Circle DMG Reduction +20%  Magic Circle DMG Increase +15%,
Magic Circle DMG Reduction +15%  Magic Circle DMG Increase +12%,
Magic Circle DMG Reduction +10%  Magic Circle DMG Increase +9%,
Magic Circle DMG Reduction +5%  Magic Circle DMG Increase +6%,
Magic Circle DMG Increase +3%,
"2 Angels remain in battle, all Angels get attributes bonus:",
"3 Angels remain in battle, all Angels get attributes bonus:",
"4 Angels remain in battle, all Angels get attributes bonus:",
"5 Angels remain in battle, all Angels get attributes bonus:",
"6 Angels remain in battle, all Angels get attributes bonus:",
,
,
,
,
,
,
,
,
ACTIVITY_HOLIDAY_DROP_SUMMON_RANK_REWARD_MAIL_TITLE,
ACTIVITY_HOLIDAY_DROP_SUMMON_RANK_REWARD_MAIL_CONTENT,
,
,
,
,
,
,
Christmas Sweet,
,
,
,
,
DAMAGE_MINUS_ARRAY,
DAMAGE_ADD_ARRAY,
,
,
,
,
,
,
,
,
,
,
,
,
,
,
,
,
,
,
,
,
,
,
,
,
,
,
,
,
,
,
,
,
,
,
,
,
,
,
,
,
,
,
,
,
,
ACTIVITY_SUMMON_DESC_57,
ACTIVITY_SUMMON_DESC_61,
ACTIVITY_SUMMON_DESC_62,
,
,
,
,
,
,
,
,
,
,
,
,
,
,
,
,
,
,
,
,
,
,
,
,
,
,
,
,
,
,
,
,
,
,
,
,
,
,
,
,
,
,
,
,
,
,
,
,
,
,
,
,
,
,
,
,
,
,
,
,
,
,
,
,
,
,
,
,
,
,
,
,
,
,
,
,
,
,
,
,
,
,
,
,
,
,
,
,
,
Miss Love,
Cupid,
,
,
,
,
,
,
,
,
,
,
,
,
,
,
,
,
,
,
,
,
WORLD_BOSS_SHOWTEXT_25,
WORLD_BOSS_SHOWTEXT_24,
,
,
CUSTOM_GIFT_NEED_SELECT,
,
,
,
ANGEL_COIN_COST,
,
,
,
,
,
,
,
,
,
,
,
,
,
,
,
,
,
,
,
,
,
,
,
,
,
,
,
,
,
,
,
,
,
,
,
,
,
,
,
,
,
,
,
,
,
,
,
,
,
,
,
,
GO_TO_BUY_ANGLE_COIN,
PAY_SELECT_VIRTUAL_COIN_NOT_ENOUGH,
TTPW_CURRENT_ATTACK_TEAM,
TTPW_CHOOSE_TEAM_NAME,
,
,
,
OFF,
ON,
,
,
,
ACTIVITY_HUNTING_COIN,
,
,
,
,
,
,
,
,
,
,
,
,
,
,
,
,
,
,
,
,
,
,
,
,
,
,
,
,
,
,
,
,
,
,
,
,
,
,
,
,
,
,
,
,
,
,
,
,
,
,
,
,
,
,
,
,
,
,
,
,
,
,
,
,
ACTIVITY_HUNTING_SCORE_RANK_REWARD_MAIL_TITLE,
ACTIVITY_HUNTING_SCORE_RANK_REWARD_MAIL_CONTENT,
,
,
,
,
,
,
,
,
,
,
,
,
,
,
,
,
,
,
,
,
,
,
,
,
,
,
,
,
,
,
,
,
,
,
,
,
,
,
,
,
,
,
,
,
,
,
,
,
,
,
,
,
,
,
,
,
,
,
,
,
,
,
,
,
,
,
,
,
,
,
,
,
,
,
,
ACTIVITY_SUMMON_DESC_63,
ACTIVITY_SUMMON_DESC_64,
,
,
,
,
,
,
,
,
,
,
,
,
,
,
,
,
,
,
,
,
,
,
,
,
,
,
,
,
,
,
,
HONOR_ARENA_GUESS_WINNER_SUCCESS,
HONOR_ARENA_GUESS_WINNER_FAIL,
,
,
,
,
,
ANGEL_COIN_LIMIT_COUNT,
,
,
,
,
,
,
,
,
,
,
,
,
,
,
TREVI_FOUNTAIN_WISH_TIMES_NOT_ENOUGH,
,
,
,
hcnw_switch_consume_mode,
,
,
,
,
,
,
,
,
,
,
,
,
,
,
,
,
,
,
,
,
,
,
,
,
,
,
,
,
,
,
,
,
,
,
,
,
,
,
WNSSSR+BD4,
,
,
,
WNSURBD4,
,
,
,
,
,
,
,
,
,
,
,
,
,
,
,
,
,
,
,
,
,
,
,
,
,
,
,
,
,
,
,
,
,
,
,
,
,
,
,
,
,
,
,
,
,
,
ACTIVITY_SUMMON_DESC_65,
ACTIVITY_SUMMON_DESC_66,
,
,
,
,
,
,
,
,
,
,
,
,
,
,
,
,
,
,
,
,
,
OUTLAND_PRACTICE_SLOT_OPEN_REQUEST,
,
,
,
,
,
,
,
,
,
,
,
LEVEL_IS_UNLOCKED,
HIGH_LEVEL_MAX,
HIGH_LEVEL_FIRST_STEP,
HIGH_LEVEL_SECOND_STEP,
HIGH_LEVEL_THIRD_STEP,
,
,
,
,
,
,
HIGH_LEVEL_GIFT_LIMIT_1,
HIGH_LEVEL_GIFT_LIMIT_2,
HIGH_LEVEL_GIFT_LIMIT_3,
,
,
,
,
,
,
,
,
,
,
,
,
,
,
,
,
,
,
,
,
,
,
,
,
,
,
,
,
,
,
,
,
GIFT_NOT_BUY,
,
,
,
,
,
,
,
,
,
,
,
,
,
,
,
,
,
,
,
,
,
,
,
,
,
,
,
,
,
,
,
,
,
,
,
,
,
,
,
,
,
,
,
,
,
,
,
,
,
,
,
,
,
,
,
,
,
,
,
,
,
,
,
,
,
,
,
,
,
,
,
bemihu,
,
,
,
,
,
,
,
,
,
,
,
,
,
,
,
,
,
,
,
,
,
,
,
,
,
,
,
,
,
,
,
,
,
,
,
,
,
,
,
,
,
,
,
,
,
,
,
,
,
,
,
,
,
,
,
,
,
,
,
,
,
,
,
,
,
,
,
,
,
,
,
,
,
,
,
,
,
,
,
,
,
,
,
,
,
,
,
,
,
,
,
,
,
,
,
,
ACTIVITY_SUMMON_DESC_67,
ACTIVITY_SUMMON_DESC_68,
ABYSM_DURATION_ROUNDS,
ABYSM_SHOP_REFRESH_TIMES,
ABYSM_INHERIT_TIPS,
ABYSM_LINE_UP_TIPS,
ABYSM_FIRST_LINE_UP_TIPS,
ABYSM_STEP,
ABYSM,
ABYSM_SHOP_AUTO_REFRESH,
ABYSM_SCORE,
ABYSM_COIN,
ABYSM_SECONDARY_CONFIRM,
,
,
,
,
,
,
,
,
,
,
,
,
,
,
,
,
,
,
,
,
,
,
,
,
,
,
,
,
,
,
,
,
,
,
,
,
,
,
,
,
,
,
,
,
,
,
,
,
,
,
,
,
,
,
,
,
,
,
,
,
,
,
,
,
,
,
,
,
,
,
,
,
,
,
,
,
,
,
,
,
,
,
,
,
,
,
,
,
,
,
,
,
,
,
,
,
RELIC_AWAKE_SELECT,
RELIC_NEEL_STRENGTH_SSR,
,
,
,
,
,
RELIC_AWAKE_RESET_REQUEST,
RELIC_SKILL_UNLOCK_CONDITION,
RELIC_AWAKE_LEVEL_MAX,
RELIC_IS_AWAKED_CANT_STRENGTHEN,
GUILD_WAR_FINAL_MVP_REWARD_CONTENT_1,
GUILD_WAR_FINAL_MVP_REWARD_CONTENT_2,
GUILD_WAR_FINAL_MVP_REWARD_CONTENT_3,
GUILD_WAR_FINAL_MVP_REWARD_CONTENT_4,
GUILD_WAR_FINAL_MVP_REWARD_CONTENT_5,
GUILD_WAR_FINAL_MVP_REWARD_TITLE,
SURE_CHANGE_SOUND_LANG_TYPE,
,
,
,
,
,
,
,
,
,
,
,
,
,
,
,
,
,
,
,
,
,
,
,
,
,
,
,
,
,
,
,
,
ABYSM_CURRENT_TIME_NOT_OPEN,
RELIC_RST,
RELIC_SKILL_AWAKE,
,
,
,
,
,
,
,
,
,
,
,
,
ABYSM_CHECK_FIGHT_VALUE_JUMP,
RELIC_STRENGTH_CHECK,
,
ABYSM_TEAM_HERO_ALL_DIE,
,
,
,
,
,
,
,
,
,
,
,
,
,
,
,
,
,
,
,
,
,
,
,
,
,
,
,
,
,
,
,
,
,
,
,
,
,
,
,
,
,
,
,
,
,
,
,
,
,
,
,
,
,
,
,
,
,
,
,
,
,
,
,
,
,
,
,
,
,
,
,
,
,
,
,
,
,
,
,
,
,
,
,
,
,
,
,
,
,
,
,
,
,
,
,
,
,
,
,
,
,
,
ZSZZ_SIGN_UP_COUNT_DOWN,
,
,
USER_BACK_NEW_ENTRY_CONTENT,
USER_BACK_ENTRY_NEW_CONFIRM,
,
,
,
,
,
,
,
,
,
,
,
,
,
,
,
,
,
VIP_PRECENT,
Free,
,
,
,
,
PLEASE_INPUT_NUM,
INPUT_NUM_ERROR,
,
,
SHOW_USER_BACK_HERO_CONFIRM,
PLEASE_CHECK_HERO,
,
,
English,
,
,
DEFAULT_DESCRIBE,
,
,
,
,
SUMMON_TYPE_DESC_50,
SUMMON_TYPE_DESC_51,
SUMMON_TYPE_DESC_52,
,
,
,
,
,
,
,
,
,
,
,
,
,
,
,
,
ABYSM_BACK_DESC,
ABYSM_BACK_COUNT,
,
,
,
CAKE_GIFT_STEP_GET,
CAKE_GIFT_STEP_1,
CAKE_GIFT_STEP_2,
CAKE_GIFT_STEP_3,
CAKE_GIFT_STEP_4,
CAKE_GIFT_STEP_5,
CAKE_GIFT_STEP_6,
CAKE_GIFT_STEP_7,
,
ACTIVITY_CAKE_UNLOCK_CONDITION,
,
ACTIVITY_BOSS_CHALLENGE_BUY_MAX,
ACTIVITY_BOSS_CHALLENGE_BUY_TITLE,
ACTIVITY_BOSS_CHALLENGE_BUY_REMAIN,
ACTIVITY_BOSS_CHALLENGE_BUY,
,
,
,
,
ACTIVITY_CAKE_UNLOCK_GIFT_NEED,
half_month_content,
ACTIVITY_CAKE_EXCHANGE_COIN_TITLE,
ACTIVITY_CAKE_EXCHANGE_COIN_CONTENT,
,
,
,
,
,
,
,
,
,
,
,
,
,
,
,
,
,
,
,
,
,
,
,
,
,
,
,
,
,
,
,
,
,
,
,
,
,
,
,
,
,
,
,
,
,
,
,
,
,
,
,
,
,
,
,
,
,
,
,
,
,
,
,
,
,
,
,
,
ACTIVITY_HOLIDAY_DROP_SUMMON_TIPS,
,
,
,
,
,
,
,
,
,
,
,
,
,
,
,
,
,
,
,
,
,
,
,
,
,
,
,
,
,
,
,
,
,
,
,
,
,
,
,
,
,
,
,
,
,
,
,
,
,
,
,
,
,
,
,
,
,
,
,
,
,
,
,
,
,
ACTIVITY_SUMMON_DESC_69,
ACTIVITY_SUMMON_DESC_70,
,
,
,
,
,
,
,
,
,
,
,
,
,
,
,
,
,
,
,
,
,
,
,
,
,
,
,
,
,
,
,
,
,
ABYSM_ALREADY_BACK,
ACTIVITY_CAKE_RECEIVE_REPEAT,
ACTIVITY_CAKE_CONDITION_ERROR,
ACTIVITY_CAKE_BATTLE_BUY_COUNT_NOT_ENOUGH,
COUNTRY_WAR_TIME_NOT_IN_CELUE,
COUNTRY_WAR_TIME_NOT_IN_LEADER_CELUE,
,
TD_RESTRICIED_TYPE_QUALITY_MIN,
TD_RESTRICIED_TYPE_QUALITY_MAX,
TD_STAR_CONDITION,
TD_POWER_TIME_TIPS,
ATTACK_SPEED,
,
,
,
,
,
,
,
,
,
ACTIVITY_DAILY_GIFT_MAIL_TITLE,
ACTIVITY_DAILY_GIFT_MAIL_CONTENT,
DAIYL_GIFT_MAX_DAY_PRICE,
DAILY_GIFT_BUY_MAX_TEN,
,
LOTTERY_REWARD_NOW,
LOTTERY_REWARD_FINAL,
DAILY_GIFT_TISHI,
DAILY_GIFT_TISHI_DEFAULT,
,
,
,
,
,
,
,
,
,
WAVE{0},
,
,
,
,
,
,
,
,
,
,
,
,
,
,
,
,
,
,
,
,
,
,
,
,
,
,
,
,
,
,
,
,
,
,
,
,
,
,
,
,
,
,
,
,
,
,
,
,
,
,
,
,
,
,
,
WORLD_BOSS_SHOWTEXT_26,
WORLD_BOSS_SHOWTEXT_27,
,
,
,
,
,
,
,
COUNTRY_TEAM_CHANGED,
COUNTRY_WAR_TEAM_CHANGE_NOTIFY_MESSAGE,
,
,
,
,
,
,
,
,
,
,
,
,
,
,
,
,
,
,
,
,
,
,
,
,
ACTIVITY_CAKE_SCORE_RANK_REWARD_MAIL_TITLE,
ACTIVITY_CAKE_SCORE_RANK_REWARD_MAIL_CONTENT,
,
,
MONTH_VIP_DESC_LEGEND,
MONTH_VIP_DESC_RARE,
,
HERO_SERIES_BUY_ONE_TIPS,
HERO_SERIES_BUY_TIPS,
,
,
,
,
,
,
,
,
,
,
,
,
,
,
,
,
,
,
,
,
,
,
,
,
,
,
,
,
,
,
,
,
,
,
,
,
,
LEGEND_MONTH_VIP_FAST_FIGHT_TIPS,
RARE_MONTH_VIP_FAST_FIGHT_TIPS,
,
,
,
,
,
,
,
,
,
,
,
,
,
,
,
,
,
,
,
,
,
,
,
,
,
,
,
,
,
,
,
,
,
,
,
,
,
,
,
,
,
,
,
,
,
,
,
,
,
,
,
,
,
,
,
,
,
,
,
,
,
,
,
,
,
,
,
,
,
,
,
,
,
,
,
,
,
,
,
,
,
,
,
,
,
,
,
,
,
,
,
,
,
,
,
,
,
,
,
,
,
,
,
,
,
,
,
,
,
,
,
ACTIVITY_SUMMON_DESC_71,
ACTIVITY_SUMMON_DESC_72,
,
,
,
,
,
,
,
,
,
,
,
,
,
,
,
USER_BACK_NEW_ENTRY_GIFT_MAIL_CONTENT_LOW_LEVEL,
USER_BACK_NEW_ENTRY_GIFT_MAIL_TITLE_LOW_LEVEL,
ACTIVITY_HOLIDAY_COPY_WEEK_REWARD_MAIL_TITLE,
ACTIVITY_HOLIDAY_COPY_WEEK_REWARD_MAIL_CONTENT,
,
,
,
,
,
,
,
,
,
DAILY_GIFT_TODAY_TISHI,
,
NOTICE_10010003,
NOTICE_10010004,
,
,
,
NEED_ADVANCE_FIRST,
HERO_SUPER_AWAKE_LEVEL_TEXT,
SUPER_AWAKE_UNLOCK_TIPS,
ACTIVITY_UR_PLUS_HERO_RELIC_AWAKE,
ACTIVITY_UR_PLUS_HERO_AWAKE,
ACTIVITY_UR_PLUS_HERO_RELIC_AWAKE_TASK,
ACTIVITY_UR_PLUS_HERO_AWAKE_TASK,
THIS_HERO_SUPER_AWAKE_NOT_OPEN,
HERO_SUPER_AWAKE_NEED_GOD_AWAKE_LEVEL_CONTENT,
,
,
ACTIVITY_UR_PLUS_HERO_NOT_GET_REWARD_TITLE,
ACTIVITY_UR_PLUS_HERO_NOT_GET_REWARD_CONTENT,
ACTIVITY_UR_PLUS_HERO_RANK_REWARD_MAIL_TITLE,
ACTIVITY_UR_PLUS_HERO_RANK_REWARD_MAIL_CONTENT,
,
,
,
,
,
,
,
,
,
,
,
,
,
,
,
,
,
,
,
,
,
,
,
,
,
,
,
,
ABYSM_ALREADY_PASS_ALL,
,
,
,
COMPENSATE_BOUNTY_SOCIETY_REWARD_TITLE,
COMPENSATE_BOUNTY_SOCIETY_REWARD_DESC,
,
,
,
,
HERO_SUMMON_COUNT,
UR_PLUS_WELFARE,
,
,
ACTIVITY_UR_PLUS_HERO_GET,
PREHEAT_LOGIN_GET_NEXT_REWARD,
,
,
LIMIT_SUMMON_UR_PLUS_TIPS,
,
,
,
,
,
,
,
,
,
,
,
,
,
,
,
,
,
,
,
,
,
,
,
,
,
,
,
,
,
,
,
,
,
,
,
,
,
,
,
,
,
,
,
,
,
,
,
,
,
,
,
,
,
,
,
,
,
,
,
,
,
,
,
,
,
,
,
,
,
,
,
,
,
,
,
,
,
,
,
,
,
,
,
,
,
,
,
,
,
,
,
,
,
,
,
,
,
,
,
,
,
,
,
,
,
,
,
,
,
,
,
,
,
,
,
,
,
,
,
,
,
,
,
,
,
,
,
,
,
,
,
,
,
,
,
,
,
,
,
,
,
,
,
,
,
,
,
,
,
,
,
,
,
,
,
,
,
,
,
,
,
,
,
,
,
,
,
,
,
,
,
,
,
,
,
,
,
,
,
,
,
,
,
,
,
/60s,
,
,
,
,
,
,
,
,
,
,
,
,
,
,
,
,
,
,
,
,
,
,
,
,
,
,
,
,
SUMMON_TYPE_DESC_44,
SUMMON_TYPE_DESC_45,
SUMMON_TYPE_DESC_46,
HERO_SUPER_DEBRIS_NOT_ENOUGH,
MAIN_HERO_CAN_NOT_TO_SUPER,
HERO_ALREADY_SUPER,
HERO_GOD_AWAKE_NOT_REACH,
HERO_SUPER_AWAKE_MAX,
HERO_SUPER_AWAKE_TIPS,
,
,
,
,
,
,
,
,
,
,
,
,
,
,
,
,
,
,
,
,
,
,
,
,
,
,
,
,
,
,
,
HP+10%,
,
,
,
,
,
,
,
,
,
,
,
,
,
,
,
,
,
ACTIVITY_SUMMON_DESC_73,
,
UR_PLUS_HERO_CHALLENGE_BOSS,
UR_PLUS_DUNGEON_LEVEL_MAX,
UR_PLUS_DUNGEON_NOT_AVAILABLE,
UR_PLUS_DUNGEON_BATTLE_COUNT_NOT_ENOUGH,
UR_PLUS_DUNGEON_COLLECT_TO_QUICK,
,
,
,
,
CRIT_DAMAGE_IGNORE,
,
,
ACTIVITY_UR_PLUS_HERO_GOD_AWAKE_TASK,
ACTIVITY_UR_PLUS_HERO_SUPER_AWAKE_TASK,
ACTIVITY_UR_PLUS_SUPER_HERO_GET,
ACTIVITY_UR_PLUS_GOD_HERO_GET,
,
,
,
,
,
,
,
,
,
,
,
,
,
,
,
,
,
,
,
,
#NAME?,
,
,
LOST_LANDS_EXPLORE_FREQUENTLY,
,
,
,
,
,
,
,
,
,
,
,
,
,
,
,
,
,
,
,
,
,
ACTIVITY_UR_PLUS_HERO_LOGIN_REWARD_REPEAT,
,
,
,
COUNTRY_WAR_GUILD_SET_WAR_COMMANDER,
COUNTRY_WAR_GUILD_SET_GOD_OF_WAR,
COUNTRY_WAR_NOTIFY_DISPATCH,
COUNTRY_WAR_COMMANDER_COUNT,
COUNTRY_WAR_GOD_OF_WAR_COUNT,
GUILD_MEMBER_POSTION__LEADER,
GUILD_MEMBER_POSTION__VICE_LEADER,
GUILD_COUNTRY_WAR_POSTION__WAR_COMMANDER,
GUILD_COUNTRY_WAR_POSTION__GOD_OF_WAR,
COUNTRY_WAR_BAST_GOD_OF_WAR,
COUNTRY_WAR_CITY_MAX_BATTLE_COUNT,
,
OUTLAND_AIRSHIP_BUY_SALY_TOAST,
,
,
,
,
,
,
OUTLAND_AIRSHIP_SHANGREN_DUIHUA1,
OUTLAND_AIRSHIP_SHANGREN_DUIHUA2,
OUTLAND_AIRSHIP_SHANGREN_DUIHUA3,
OUTLAND_AIRSHIP_SHANGREN_DUIHUA4,
OUTLAND_AIRSHIP_SHANGREN_BUYED_DUIHUA1,
OUTLAND_AIRSHIP_SHANGREN_BUYED_DUIHUA2,
OUTLAND_AIRSHIP_SHANGREN_BUYED_DUIHUA3,
OUTLAND_AIRSHIP_SHANGREN_BUYED_DUIHUA4,
OUTLAND_AIRSHIP_SHANGREN_FIRST_DUIHUA,
OUTLAND_AIRSHIP_SHANGREN_SALE_DUIHUA,
,
,
,
,
,
,
,
,
,
,
,
,
,
,
,
,
,
,
,
,
,
,
,
,
,
,
,
,
,
,
,
,
,
OUTLAND_AIRSHIP_SHANGREN_ALL_BUY,
,
,
,
,
,
,
,
,
,
,
,
,
,
,
,
,
,
,
,
,
,
,
,
,
,
,
,
ACTIVITY_SUMMON_DESC_74,
ACTIVITY_SUMMON_DESC_75,
,
,
,
,
,
,
,
,
,
,
,
,
,
,
,
,
,
,
,
,
,
,
,
,
,
,
,
,
,
,
,
,
,
,
,
,
,
,
,
,
,
,
,
,
,
,
,
,
,
,
,
,
,
,
,
,
,
,
,
,
,
,
,
,
,
,
,
,
,
,
,
,
,
,
,
,
,
,
,
,
,
,
ACTIVITY_HOLIDAY_COPY_DROP_SUMMON_BY_DROP_TIPS,
,
,
,
,
,
,
,
,
,
,
,
,
,
,
,
,
,
,
,
,
,
,
,
,
,
,
,
,
,
,
,
,
,
,
,
,
,
,
,
,
,
,
,
,
,
,
,
,
,
,
,
,
,
,
,
,
,
,
,
,
,
,
,
,
,
,
,
,
,
,
,
,
,
,
,
,
,
,
,
,
,
,
,
,
,
,
,
,
,
,
,
,
,
,
,
,
,
,
,
,
,
,
,
,
,
,
,
,
,
,
,
,
,
,
,
,
,
,
,
,
,
,
,
,
,
,
,
,
,
,
,
,
,
,
,
,
,
,
,
,
,
,
,
,
,
,
,
,
,
,
,
,
,
,
,
,
,
,
,
,
,
,
,
,
,
,
,
,
,
,
,
,
,
,
,
,
,
,
ACTIVITY_NEW_PLAYER_WISH_SUMMON_NOT_GET_REWARD_TITLE,
ACTIVITY_NEW_PLAYER_WISH_SUMMON_NOT_GET_REWARD_CONTENT,
,
,
FAST_FIGHT_MONTH_TIPS,
,
,
,
,
,
,
,
,
,
,
,
,
ACTIVITY_SUMMON_DESC_76,
,
,
,
,
,
,
,
,
,
,
,
,
,
,
,
,
WISH_SUMMON_COUNT,
,
,
,
,
,
,
,
,
,
,
,
,
,
,
,
,
,
NO_PASS_REWARD,
PASS_REWARD_CONDITION_ERROR,
PASS_NOT_BUY,
,
,
,
,
,
,
,
,
,
,
,
,
,
,
,
,
,
,
,
,
,
,
,
,
,
,
,
,
,
,
AIR_SHIP_REFRESH_TIME_MAX,
AIR_SHIP_REFRESH_TIPS,
AIR_SHIP_REFRESH_REMAIN_TIME,
,
,
ABYSS_FAST_FIGHT_TIPS,
,
,
,
WORLD_BOSS_SHOWTEXT_29,
WORLD_BOSS_SHOWTEXT_28,
ABYSS_FAST_BATTLE_MAX,
,
,
ABYSS_FAST_FIGHT_SHOP_TIPS,
,
,
,
,
,
,
,
,
,
,
,
,
,
,
,
,
,
,
,
,
,
,
,
,
,
,
,
,
,
,
,
,
,
,
,
,
,
,
,
,
,
,
,
,
,
,
,
,
,
,
,
,
,
,
,
,
,
,
bat_coming,
,
ACTIVITY_TURN_BRAND_EXCHANGE_COIN_TITLE,
ACTIVITY_TURN_BRAND_EXCHANGE_COIN_CONTENT,
ACTIVITY_TURN_BRAND_RECEIVE_REPEAT,
ACTIVITY_TURN_BRAND_CONDITION_ERROR,
ACTIVITY_TURN_BRAND_GIFT_COUNT_NOT_ENOUGH,
,
,
,
,
,
,
,
,
,
,
ACTIVITY_TURN_BRAND_UNLOCK_GIFT_NEED,
,
,
,
,
ACTIVITY_SUMMON_DESC_77,
,
,
,
,
,
,
,
,
,
,
,
,
,
,
,
,
,
,
,
,
,
,
,
,
,
,
,
,
,
,
,
,
,
,
,
,
,
,
,
,
,
,
,
,
,
,
,
,
,
,
,
,
,
,
,
,
,
,
,
,
,
,
,
,
,
,
,
,
,
,
,
,
,
,
,
,
,
,
,
,
,
,
,
,
,
,
,
,
,
,
,
,
,
,
,
,
,
,
,
,
,
,
,
,
,
,
,
,
,
,
,
,
,
,
,
,
,
,
,
,
,
,
,
,
,
,
,
,
,
,
,
,
,
,
,
,
,
,
,
,
,
,
,
,
,
,
,
,
,
,
,
,
,
,
,
,
,
,
,
,
,
,
,
,
,
,
,
,
,
,
,
,
,
,
,
,
,
,
,
,
,
,
,
,
,
,
,
,
,
,
,
,
,
,
,
,
,
,
,
,
#HALLOWEEN_LOTTERY_DRAW_TITLE,
#HALLOWEEN_LOTTERY_DRAW_CONTENT,
,
,
,
MAX,
,
,
,
,
,
,
,
,
HERO_FIGHT_VALUE_DIALOG_TITLE,
,
,
,
,
,
,
,
,
,
,
,
,
,
,
,
,
,
,
,
,
,
,
,
,
,
,
,
,
,
,
,
,
,
,
,
,
,
,
,
,
,
,
,
,
,
,
,
,
,
,
,
,
,
,
,
,
,
,
,
,
,
,
,
,
,
,
,
,
,
,
,
,
,
,
,
,
,
,
,
,
,
,
,
,
,
,
,
,
,
,
,
,
,
,
,
,
,
,
,
,
,
,
,
,
,
,
,
,
,
,
,
,
,
,
,
,
,
,
,
,
,
,
,
,
,
,
,
,
,
,
,
,
,
,
,
,
,
,
,
,
,
,
,
,
,
,
,
,
,
,
,
,
,
,
,
,
,
,
,
,
,
,
,
,
,
,
,
,
,
,
,
,
,
,
,
ACTIVITY_SUMMON_DESC_78,
,
,
,
,
,
,
,
,
,
,
,
,
,
,
,
,
,
,
,
,
,
,
,
,
,
,
,
,
,
,
,
,
THANKSGIVING_NORMAL_REWARD_RERE,
THANKSGIVING_NORMAL_REWARD_ADVANCE,
THANKSGIVING_NORMAL_REWARD_NORMAL,
THANKSGIVING_LUXURY_REWARD_RERE,
THANKSGIVING_LUXURY_REWARD_ADVANCE,
THANKSGIVING_LUXURY_REWARD_NORMAL,
REJECT,
ACTIVITY_HOLIDAY_THANKSGIVING_DAY_SCORE_RANK_REWARD_MAIL_TITLE,
ACTIVITY_HOLIDAY_THANKSGIVING_DAY_SCORE_RANK_REWARD_MAIL_CONTENT,
ACTIVITY_THANKSGIVING_DAY_EXCHANGE_COIN_TITLE,
ACTIVITY_THANKSGIVING_DAY_EXCHANGE_COIN_CONTENT,
THANKSGIVING_LUXURY_TIPS,
THANKSGIVING_NORMAL_TIPS,
,
,
,
,
,
,
ACTIVITY_HOLIDAY_THANKSGIVING_DAY_NOT_OPEN,
ACTIVITY_HOLIDAY_THANKSGIVING_DAY_SHOP_COUNT_LIMIT,
ACTIVITY_HOLIDAY_THANKSGIVING_DAY_SCORE_NOT_ENOUGH,
ACTIVITY_HOLIDAY_COPY_THANKSGIVING_DAY_NOT_OPEN,
ACTIVITY_HOLIDAY_COPY_THANKSGIVING_DAY_SHOP_COUNT_LIMIT,
ACTIVITY_HOLIDAY_COPY_THANKSGIVING_DAY_SCORE_NOT_ENOUGH,
,
THANKSGIVING_ACTIVITY_TIPS,
,
,
,
,
,
,
,
,
,
,
,
,
,
,
,
,
,
,
,
,
,
,
,
,
,
,
,
,
,
,
,
,
,
,
,
,
,
,
,
,
,
,
,
,
,
,
,
,
,
,
,
,
,
,
,
,
,
,
,
,
,
,
,
,
,
,
,
,
,
,
Shining Star,
,
,
,
,
,
,
,
,
,
,
,
,
,
,
,
,
,
,
,
,
,
,
,
,
,
,
,
,
,
,
,
,
,
,
,
,
,
,
,
,
,
,
,
,
,
,
,
,
,
,
,
,
,
,
,
,
,
,
,
,
,
,
,
,
,
,
,
,
,
,
,
,
,
,
,
,
,
,
,
,
,
,
,
,
,
,
,
,
,
,
,
,
,
,
,
,
,
,
,
,
,
,
,
,
,
,
,
,
,
,
,
,
,
,
,
,
,
,
,
,
,
,
,
,
,
,
,
,
,
,
,
,
,
,
DRIFTING_DUNGEON_ASSIST_TIPS,
ASSIST_REMAIN_TIPS,
,
DRIFTING_DUNGEON_HELP_INFO_TIPS,
,
MEDAL_GET_TIME,
,
,
,
,
,
,
,
,
,
,
,
,
ACTIVITY_DDMC_RANK_REWARD_MAIL_TITLE,
ACTIVITY_DDMC_RANK_REWARD_MAIL_CONTENT,
ACTIVITY_DDMC_REWARD_MAIL_TITLE,
ACTIVITY_DDMC_REWARD_MAIL_CONTENT,
DRIFTING_DUNGEON_ASSIST_REQUEST_NOT_EXIST,
,
,
,
,
,
,
,
,
,
,
,
,
,
,
,
,
,
,
DRIFTING_DUNGEON_ASSIST_ALREADY_EXIST,
DRIFTING_DUNGEON_DUNGEON_BE_ASSISTED,
,
,
,
,
,
,
,
,
,
,
,
,
,
,
,
,
,
,
,
,
,
,
,
,
,
,
,
,
,
,
,
,
,
,
,
,
,
,
,
,
,
,
,
,
,
,
,
,
,
,
,
,
,
,
,
,
,
,
,
,
,
,
,
,
,
,
,
,
,
,
,
,
,
,
,
,
,
,
,
,
,
,
,
,
,
,
,
,
,
,
,
,
,
,
,
,
,
,
,
,
,
,
,
,
,
,
,
,
,
,
,
,
,
,
,
,
,
,
,
,
,
,
,
,
,
,
,
,
,
,
,
,
,
,
,
,
,
,
,
,
,
,
,
,
,
,
,
,
,
,
,
,
,
,
,
,
,
,
,
,
,
,
,
,
,
,
,
,
,
,
,
,
,
,
,
,
,
,
ACTIVITY_SUMMON_DESC_79,
,
,
,
,
,
,
,
,
,
,
,
,
,
,
,
,
,
,
,
,
,
,
,
,
,
,
,
,
,
,
,
,
,
,
,
EGG_MACHINE_BAODI_TIPS,
EGG_MACHINE_BAODI_CONFIG_TIPS,
,
,
,
,
,
,
CHRISTMAS_WAZI_COUNT,
CHRISTMAS_WAZI_TIPS,
EGG_MACHINE_LAST_BAODI_CONFIG_TIPS,
,
,
,
,
,
,
,
,
,
,
,
,
,
,
,
,
,
,
,
,
,
,
,
,
,
,
,
,
,
,
,
,
,
,
,
,
,
,
,
,
,
,
,
,
,
,
,
,
,
,
,
,
,
,
,
,
,
,
,
,
,
,
,
,
,
,
,
,
,
ACTIVITY_SUMMON_DESC_80,
,
,
,
,
ACTIVITY_CHRISTMAS_EXCHANGE_GOLD_TITLE,
ACTIVITY_CHRISTMAS_EXCHANGE_GOLD_CONTENT,
ACTIVITY_HOLIDAY_CHRISTMAS_COIN_RANK_REWARD_MAIL_TITLE,
ACTIVITY_HOLIDAY_CHRISTMAS_COIN_RANK_REWARD_MAIL_CONTENT,
,
,
,
,
,
,
,
,
,
,
,
,
,
,
,
,
,
,
,
,
,
,
,
,
,
,
,
,
,
,
CHRISTMAS_SPECIAL_BOX_COUNT_GREEN,
CHRISTMAS_SPECIAL_BOX_COUNT,
,
,
,
,
,
,
,
,
,
,
,
,
,
,
,
,
,
,
,
,
,
,
,
,
,
,
,
,
,
,
,
,
,
,
,
,
,
,
,
,
,
,
,
,
,
,
,
,
,
,
,
,
,
,
,
,
,
,
,
,
,
,
,
,
,
,
,
,
,
,
,
,
,
,
,
,
,
,
,
,
,
,
,
,
,
,
,
,
,
,
,
,
,
,
,
,
,
,
,
,
,
,
,
,
,
,
,
,
,
,
,
,
,
,
,
,
,
,
,
,
,
,
WORLD_BOSS_SHOWTEXT_30,
WORLD_BOSS_SHOWTEXT_31,
,
,
,
,
,
,
,
,
,
,
,
,
,
,
,
,
,
,
,
,
,
,
,
,
,
,
,
,
,
,
,
,
,
,
,
,
,
,
,
,
,
,
,
,
,
,
,
,
,
,
,
,
,
,
,
,
,
,
,
,
,
,
,
,
,
,
,
,
,
,
,
,
,
,
,
,
,
,
,
,
,
,
,
,
,
,
ACTIVITY_SUMMON_DESC_81,
ACTIVITY_SUMMON_DESC_82,
,
,
,
,
,
,
,
,
,
,
,
,
,
halloween_gift,
,
,
,
,
,
,
,
,
,
,
,
,
,
,
,
,
,
,
,
,
,
,
,
,
,
,
,
,
,
,
,
,
,
,
,
,
,
,
,
,
,
,
,
,
,
,
,
,
,
,
,
,
,
,
,
,
,
,
,
,
,
,
,
,
,
,
,
,
,
,
,
,
,
,
,
,
,
,
,
,
,
,
,
,
,
,
,
,
,
,
,
,
,
,
,
,
,
,
,
,
,
,
,
,
,
,
,
,
,
,
,
,
,
,
,
,
,
,
,
,
,
,
,
,
,
,
,
,
,
,
,
,
,
,
,
,
,
,
,
HALLOWEEN_ZHEKOU,OFF
,
,
,
ACTIVITY_HOLIDAY_GIFT_NOT_ENOUGH,
,
,
,
,
,
,
,
,
,
,
,
,
,
,
,
,
,
,
,
,
,
,
,
,
,
,
,
,
,
,
,
,
,
,
,
,
,
,
,
,
,
,
,
,
,
,
,
,
,
,
,
,
,
,
,
,
,
,
,
,
,
,
,
,
,
,
,
,
,
,
,
,
,
,
,
,
,
,
,
,
,
,
,
,
,
,
,
,
,
,
,
,
,
,
,
,
,
,
,
,
,
,
,
,
,
,
,
,
,
,
,
,
,
,
,
,
,
,
,
,
,
,
,
,
,
,
,
,
,
,
,
,
,
,
,
,
,
,
,
,
,
,
,
,
,
,
,
,
,
,
,
,
,
,
VALENTINES_LUXURY_TIPS,
VALENTINES_NORMAL_TIPS,
VALENTINES_REWARD_NORMAL,
VALENTINES_REWARD_ADVANCE,
VALENTINES_REWARD_NORMAL_COUNT,
VALENTINES_REWARD_RERE,
VALENTINES_REWARD_RERE_COUNT,
VALENTINES_REWARD_FIX,
VALENTINES_REWARD_FIX_COUNT,
,
,
,
,
,
,
,
,
,
ACTIVITY_SUMMON_DESC_83,
,
,
,
,
,
,
,
,
,
,
,
,
,
,
,
,
,
,
,
,
,
,
,
,
,
,
,
,
,
,
,
,
,
,
,
,
VALENTINES_HERO_FAVOR_MAX,
,
,
,
,
,
,
,
,
,
,
,
,
,
,
,
,
,
,
,
,
,
,
,
,
,
,
,
,
,
,
,
,
,
,
,
,
,
,
,
,
,
,
,
,
,
,
,
,
,
,
,
,
,
,
,
,
,
,
,
,
,
,
,
,
,
,
,
,
,
,
,
,
,
,
,
,
,
,
,
,
,
,
,
,
,
,
,
,
,
,
,
,
,
,
,
,
,
,
,
,
,
,
,
,
,
,
,
,
,
,
,
,
,
,
,
,
,
,
,
,
,
,
,
,
,
,
,
,
,
,
,
,
,
,
,
,
,
MAX_ANIMAL_LEVEL,
,
,
,
,
ACTIVITY_SUMMON_DESC_84,
,
,
,
,
,
,
,
,
,
,
HIGH_LEVEL_FOURTH_STEP,
HIGH_LEVEL_FIFTH_STEP,
HIGH_LEVEL_SIXTH_STEP,
,
,
,
,
,
HIGH_LEVEL_GIFT_LIMIT_4,
,
,
,
,
,
,
,
,
,
HIGH_LEVEL_GIFT_LIMIT_5,
,
,
,
,
,
,
,
,
,
HIGH_LEVEL_GIFT_LIMIT_6,
,
,
,
,
,
HIGH_LEVEL_NOT_ENOUGH_LEVEL_UP,
,
,
,
,
,
HIGH_LEVEL_BOSS_ENTRANCE_EXP_TIPS,
,
,
,
HIGH_LEVEL_CHALLENGE_BOSS,
,
,
,
,
,
,
,
,
ANIMAL_AWAKE_TIPS,
ANIMAL_AWAKE_CONFIRM_TIPS_1,
ANIMAL_AWAKE_CONFIRM_TIPS_2,
ANIMAL_AWAKE_STAR_IS_MAX,
ANIMAL_LEVEL_NOT_REACH,
ANIMAL_UP_LEVEL_TIPS,
ANIMAL_REACH_CUR_STAR_MAX_LEVEL,
,
,
HIGH_LEVEL_BOSS_CHALLENGE_NOT_ENOUGH,
,
,
,
,
,
,
,
,
,
,
,
,
,
,
,
,
,
,
,
,
,
,
,
,
,
,
,
,
,
,
,
,
,
,
,
,
,
,
,
,
,
,
,
,
,
,
,
,
,
,
,
,
,
,
,
,
,
,
,
,
,
,
,
,
,
,
,
,
,
,
,
,
,
,
,
,
,
,
,
,
,
,
,
,
,
,
,
,
,
,
,
,
,
,
,
,
,
,
,
,
,
,
,
,
,
,
,
,
,
,
,
,
,
,
,
,
,
,
,
,
,
,
,
,
,
,
,
,
,
,
,
,
,
,
,
,
,
,
,
,
,
ACTIVITY_SUMMON_DESC_85,
,
,
,
,
,
,
,
,
,
,
,
,
,
,
,
,
,
,
,
,
Anniversary card,
,
,
,
,
,
,
,
,
,
,
,
,
,
,
,
WORLD_BOSS_SHOWTEXT_32,
WORLD_BOSS_SHOWTEXT_33,
,
,
,
,
,
,
,
,
,
,
,
,
MAIN_HERO_SUPER_AWAKE_TIPS,
OUTLAND_BOSS_CHALLENGE,
,
,
,
,
,
,
,
,
,
,
,
,
,
,
,
,
,
,
,
,
,
,
,
,
,
COMBINE_ZONE_ACTIVITY_WEEK_REWARD_MAIL_TITLE,
COMBINE_ZONE_ACTIVITY_WEEK_REWARD_MAIL_CONTENT,
COMBINE_ZONE_ACTIVITY_GUILD_RANK_REWARD_MAIL_TITLE,
COMBINE_ZONE_ACTIVITY_GUILD_RANK_REWARD_MAIL_CONTENT,
COMBINE_ZONE_ACTIVITY_BOSS_REWARD_MAIL_TITLE,
COMBINE_ZONE_ACTIVITY_BOSS_REWARD_MAIL_CONTENT,
COMBINE_ZONE_ACTIVITY_RANK_REWARD_MAIL_TITLE,
COMBINE_ZONE_ACTIVITY_RANK_REWARD_MAIL_CONTENT,
,
,
,
,
,
,
,
,
,
,
,
,
,
,
,
,
,
OUTLAND_BOSS_DIFFICULT_1,
OUTLAND_BOSS_DIFFICULT_2,
OUTLAND_BOSS,{0}{1}-{2}
,
,
,
,
,
,
,
,
,
,
,
,
,
,
,
,
,
,
,
,
,
,
,
,
,
,
,
,
,
,
,
,
,
,
,
,
,
,
,
,
,
,
,
,
,
,
,
,
,
,
,
,
,
,
,
,
,
,
,
,
,
,
,
,
,
,
,
,
ACTIVITY_SUMMON_DESC_86,
,
,
,
,
,
,
,
,
,
,
,
,
,
,
,
,
,
,
,
,
,
,
,
,
,
,
,
,
,
,
,
,
,
,
,
,
,
,
,
,
,
,
,
,
,
,
,
,
,
,
,
,
,
,
,
,
,
,
,
,
,
,
,
,
,
,
,
,
,
,
,
,
,
,
,
,
,
,
,
,
,
,
,
,
,
,
,
,
,
,
,
,
,
,
,
,
,
,
,
,
,
,
,
,
,
,
,
,
,
,
,
,
,
,
,
,
,
,
,
,
,
,
,
,
,
,
,
,
,
,
,
,
,
,
,
COMBINE_ZONE_CHALLENGE_BUY_TITLE,
COMBINE_ZONE_CHALLENGE_BUY_REMAIN,
zone_week,
COMBINE_ZONE_CHALLENGE_BOSS,
,
,
,
,
,
,
,
,
,
,
,
,
,
,
,
,
,
,
,
,
,
,
,
,
,
,
,
,
,
,
,
,
,
,
,
,
,
,
,
,
,
,
,
,
,
,
,
,
,
,
,
,
,
,
,
,
,
,
,
,
,
,
,
,
,
,
,
,
,
,
,
,
,
,
,
,
,
,
,
,
,
,
,
,
,
,
,
,
,
,
,
,
,
,
,
,
,
,
,
,
,
,
,
,
,
,
,
,
,
,
,
,
,
,
,
,
,
,
,
,
,
,
,
,
,
,
,
,
,
,
,
,
,
,
,
,
,
,
,
,
,
,
,
,
,
,
,
,
,
,
,
,
,
,
,
,
,
,
,
,
,
,
,
,
,
,
,
,
,
,
,
,
,
,
,
,
,
,
,
,
,
,
,
,
,
,
ACTIVITY_SUMMON_DESC_87,
ACTIVITY_SUMMON_DESC_88,
ACTIVITY_SUMMON_DESC_89,
,
,
,
,
,
,
,
,
,
,
,
,
,
,
,
,
,
,
,
,
,
,
,
,
,
,
,
,
,
,
,
,
,
,
,
,
,
,
,
,
,
,
,
,
,
,
,
,
,
,
,
,
,
,
,
,
,
,
,
,
,
,
,
,
,
,
,
,
,
,
,
,
,
,
,
,
,
,
,
,
,
,
,
,
EASTER_END_SUMMON_TIPS,
,
,
,
ACTIVITY_HOLIDAY_EASTER_TIPS,
,
,
,
,
,
ACTIVITY_HOLIDAY_EASTER_REWARD_MAIL_CONTENT,
ACTIVITY_HOLIDAY_EASTER_REWARD_MAIL_TITLE,
,
,
,
,
,
,
ACTIVITY_HOLIDAY_EASTER_RECYCLE_MAIL_TITLE,
ACTIVITY_HOLIDAY_EASTER_RECYCLE_MAIL_CONTENT,
Erreichte,
,
,
,
,
,
,
,
,
,
,
,
,
,
,
,
,
,
,
,
,
,
,
,
,
,
,
DRIFTING_DUNGEON_DEFEAT_TIPS,
,
,
,
,
,
,
,
,
,
,
,
,
,
,
,
,
,
,
,
,
,
,
,
,
,
,
,
,
,
,
,
,
,
,
,
,
,
,
,
,
,
,
,
,
,
,
,
,
,
,
,
,
,
,
,
,
,
,
,
,
,
,
,
,
,
,
,
,
,
,
,
,
,
,
,
,
,
,
,
,
,
,
,
,
,
,
,
,
,
,
,
,
,
,
,
,
,
,
,
,
,
,
,
,
,
,
,
,
,
,
,
,
,
,
,
,
,
,
,
,
,
,
,
,
,
,
,
,
,
,
,
,
,
,
,
,
,
,
,
,
,
,
,
,
,
ACTIVITY_SUMMON_DESC_91,
,
,
,
,
,
,
,
,
,
,
,
,
,
,
,
,
,
,
,
,
,
,
,
,
,
,
,
,
,
,
,
,
,
,
,
,
,
,
,
,
,
,
,
,
,
,
,
,
,
,
,
,
,
,
,
,
,
,
,
,
,
,
,
,
,
,
,
,
,
,
,
,
,
,
,
,
,
,
,
,
,
,
,
,
,
,
,
,
,
,
,
,
,
,
,
,
,
,
,
,
,
,
,
,
,
,
,
,
,
,
,
,
,
,
,
,
,
,
,
,
,
,
,
,
,
,
,
,
,
,
,
,
,
,
,
,
,
,
,
,
,
,
,
,
,
,
,
,
,
,
,
,
,
,
,
,
,
,
,
,
,
,
,
,
,
,
,
,
,
,
,
,
,
,
,
,
,
,
,
,
,
,
,
,
,
,
,
,
,
,
,
,
,
,
,
,
,
,
,
,
,
,
,
,
,
,
,
,
,
,
,
,
,
,
,
,
,
,
,
,
,
,
,
,
,
,
,
,
,
,
,
,
,
,
,
,
,
,
,
,
,
ACTIVITY_SUMMON_DESC_92,
,
,
,
,
,
,
,
,
,
,
,
,
,
,
,
,
,
,
,
,
,
,
,
,
,
,
,
,
,
,
,
,
,
,
,
,
,
,
,
,
,
,
,
,
,
,
,
,
,
,
,
,
,
,
,
,
,
,
,
,
,
,
,
,
,
,
,
,
,
,
,
,
,
,
,
TREASURE_CONDITION_1,
TREASURE_CONDITION_2,
TREASURE_CONDITION_3,
TREASURE_CONDITION_4,
TREASURE_CONDITION_5,
TREASURE_CONDITION_6,
TREASURE_CONDITION_7,
TREASURE_CONDITION_8,
TREASURE_SPECIAL_EFFECT_ADD,
,
,
,
,
,
,
,
halloween_gift,
,
,
,
,
TREASURE_JOB1,
TREASURE_JOB2,
TREASURE_JOB3,
,
,
,
,
,
,
,
,
,
,
,
,
,
,
,
,
,
,
,
,
,
,
,
,
,
,
,
,
,
,
,
,
,
,
,
,
,
,
,
,
,
,
,
,
,
,
,
,
,
,
,
,
,
,
,
,
,
,
,
,
,
,
,
,
,
,
,
,
,
,
,
,
,
,
,
,
,
,
,
,
,
,
,
,
,
,
,
,
,
,
,
,
,
,
,
,
,
,
,
,
,
,
,
,
,
,
,
,
,
,
,
,
,
,
,
,
,
,
,
,
,
,
,
,
,
,
,
,
,
,
,
,
,
,
,
,
,
,
,
,
,
,
,
,
,
,
,
,
,
SECRECR_LAND_DISPATCH_COUNT,
,
,
,
,
,
,
,
,
,
,
,
,
,
,
,
,
,
,
,
,
,
,
,
,
,
,
,
,
,
,
ACTIVITY_TREASURE_RANK_REWARD_MAIL_TITLE,
ACTIVITY_TREASURE_RANK_REWARD_MAIL_CONTENT,
ACTIVITY_TREASURE_COIN_TITLE,
ACTIVITY_TREASURE_COIN_CONTENT,
ACTIVITY_TREASURE_IS_BREAK,
,
ACTIVITY_TREASURE_IS_NOT_ADJACENT,
,
,
,
,
,
,
,
,
,
,
,
,
,
,
,
,
,
,
,
,
,
,
,
,
,
,
,
,
,
,
,
,
,
,
,
,
,
,
,
,
,
,
,
,
,
,
,
,
,
,
,
,
,
,
,
,
,
,
,
,
,
,
,
,
,
,
,
,
,
,
,
,
,
,
,
,
,
,
,
,
,
,
,
,
,
,
,
,
,
,
,
,
,
,
,
,
,
,
,
,
,
,
,
,
,
,
,
,
,
,
,
,
,
,
,
,
,
,
,
,
,
,
,
,
,
,
,
,
,
,
,
,
,
,
,
,
,
,
,
,
,
,
,
,
,
,
,
,
,
,
,
,
,
,
,
,
,
,
,
,
ACTIVITY_SUMMON_DESC_93,
,
,
,
,
,
,
,
,
,
,
,
,
,
,
,
,
,
,
,
,
,
,
,
,
,
,
,
,
,
,
,
,
,
,
,
,
,
,
,
,
,
,
,
,
,
,
,
,
,
,
,
,
,
,
,
,
,
,
,
,
,
,
,
,
,
,
,
,
,
ACTIVITY_SUMMON_DESC_94,
,
,
,
,
,
,
,
,
,
,
,
,
,
,
,
,
,
,
,
,
,
,
,
,
,
,
,
,
,
,
,
,
,
,
,
,
,
,
,
,
,
,
,
,
,
,
,
,
,
,
,
,
,
,
,
,
,
,
,
,
,
,
,
,
,
,
,
,
,
,
,
,
,
,
,
,
,
,
,
,
,
,
,
,
,
,
,
,
,
,
,
,
,
,
,
,
,
,
,
,
,
,
,
,
,
,
,
,
,
,
,
,
,
,
,
,
,
,
,
,
,
,
,
,
,
,
ANNIVERSARY_LETTER_OPENNING,
ANNIVERSARY_LETTER_STARTING,
ANNIVERSARY_LETTER_TIME,
ANNIVERSARY_LETTER_HONOR,
ANNIVERSARY_LETTER_EXPLORE,
ANNIVERSARY_LETTER_HERO,
ANNIVERSARY_LETTER_ENDING,
ANNIVERSARY_LETTER_TITLE_HONOR,
ANNIVERSARY_LETTER_TITLE_ZSZZ,
ANNIVERSARY_LETTER_TITLE_HONOR1,
ANNIVERSARY_LETTER_TITLE_ZSZW,
ANNIVERSARY_LETTER_TITLE_EXPLORE,
ANNIVERSARY_LETTER_TITLE_EXPLORE1,
ANNIVERSARY_LETTER_TITLE_EXPLORE2,
ANNIVERSARY_LETTER_TITLE_EXPLORE3,
ANNIVERSARY_LETTER_HONOR1,
ANNIVERSARY_LETTER_HONOR2,
ANNIVERSARY_LETTER_HONOR3,
ANNIVERSARY_LETTER_HONOR4,
,
,
,
,
,
,
,
,
,
,
,
,
,
,
,
,
,
,
,
,
,
,
,
,
,
,
,
,
,
,
,
,
,
,
,
,
,
,
,
,
MAGIC_DAMAGE_ADD,
MAGIC_DAMAGE_MINUS,
PHYSC_DAMAGE_ADD,
PHYSC_DAMAGE_MINUS,
SKILL_DAMAGE_ADD,
SKILL_DAMAGE_MINUS,
NORMAL_SKILL_DAMAGE_ADD,
BE_TREAT_ADD,
BE_SHIELD_ADD,
BASE_ATTRIBUTE_ADD,
,
,
,
,
,
,
,
,
,
,
,
,
,
,
,
,
,
,
,
,
,
,
,
,
,
,
,
,
,
,
,
,
,
,
,
,
,
,
,
,
,
,
,
,
,
,
,
,
,
,
,
,
,
,
,
,
,
,
,
,
,
,
CUR_LIFE_STAR_LEVEL,
,
,
,
,
,
STAR_HOUSE_REWARD_TIPS,
,
STAR_HOUSE_TIPS,
,
,
,
,
,
,
,
,
,
,
,
,
,
,
CHOOSE_GONGMING_HERO_TIPS,
NIGHTMARE_DUNGEON_DAILY_PASS_LIMIT,
,
,
,
,
,
,
,
,
,
,
,
,
,
,
,
,
,
,
,
,
,
,
,
,
,
,
,
,
,
,
,
,
,
,
,
,
,
,
,
,
,
,
,
,
,
,
,
,
,
,
,
,
,
,
,
,
,
,
,
,
,
,
,
,
,
,
,
,
,
,
,
,
,
,
,
,
,
,
,
,
,
,
,
,
,
,
,
,
,
,
,
,
,
,
,
,
,
,
,
,
,
,
,
,
,
,
,
,
,
,
,
,
,
,
,
,
,
,
,
,
,
,
,
,
,
,
,
,
,
,
,
,
,
,
,
,
,
,
,
,
,
,
,
,
,
,
,
,
,
,
,
,
,
,
,
,
,
,
,
,
,
,
,
,
,
,
,
,
,
,
,
,
,
,
,
,
,
ACTIVITY_SUMMON_DESC_96,
ACTIVITY_SUMMON_DESC_97,
,
,
,
,
,
,
,
,
,
,
,
,
,
,
,
,
,
,
,
,
,
,
,
,
,
,
,
,
,
,
ACTIVITY_SUMMON_DESC_95,
,
,
,
,
,
,
,
,
,
,
,
,
,
,
,
,
,
,
,
,
,
,
,
,
,
,
,
,
,
,
,
,
,
,
,
,
,
,
,
,
,
,
,
,
,
,
,
,
,
,
,
,
,
,
,
,
,
,
,
,
,
,
,
,
,
,
,
,
ACTIVITY_HOLIDAY_WEEK_REWARD_MAIL_TITLE,
ACTIVITY_HOLIDAY_WEEK_REWARD_MAIL_CONTENT,
,
,
,
,
,
,
,
,
,
,
,
,
,
,
,
,
,
,
,
,
,
,
,
,
,
,
,
,
,
,
,
,
,
,
,
,
,
,
,
CARNIVAL_RECYCLE_GOODS_TITLE,
CARNIVAL_RECYCLE_GOODS_CONTENT,
CARNIVAL_RANK_REWARD_MAIL_TITLE,
CARNIVAL_RANK_REWARD_MAIL_CONTENT,
CARNIVAL_SEND_NOT_RECEIVE_REWARD_TITLE,
CARNIVAL_SEND_NOT_RECEIVE_REWARD_CONTENT,
,
,
,
,
,
,
,
,
,
,
,
,
,
,
,
,
,
,
,
,
,
,
,
,
,
,
,
,
,
,
,
,
,
,
,
,
,
,
,
,
,
,
,
,
,
,
,
,
,
,
,
,
,
,
,
,
,
,
,
,
,
,
,
,
,
,
,
,
,
,
,
,
ACTIVITY_SUMMON_DESC_98,
,
,
,
,
,
,
,
,
,
,
,
,
,
,
,
,
,
,
,
,
,
,
,
,
,
,
,
,
,
,
,
,
,
,
,
,
,
,
,
,
,
,
,
,
,
,
,
,
,
,
,
,
,
,
,
,
,
,
,
,
,
,
,
,
,
,
,
,
,
,
,
,
,
,
,
,
,
,
,
,
,
,
,
,
,
,
,
,
,
,
,
,
,
,
,
,
,
,
,
,
,
,
,
,
,
,
,
,
,
,
,
,
,
,
,
,
,
,
,
,
,
,
,
,
,
,
,
,
,
,
,
,
,
,
,
,
,
,
,
,
,
,
,
,
,
,
,
,
,
,
,
,
,
,
,
,
,
,
,
,
,
,
,
,
,
,
,
,
,
,
,
,
,
,
,
,
,
,
,
,
,
,
,
,
,
,
,
,
,
,
,
,
,
,
,
,
,
,
,
,
,
,
,
,
,
,
,
,
,
,
,
,
,
,
,
,
,
,
,
,
,
,
,
,
,
,
,
,
,
,
,
,
,
,
,
,
,
,
,
,
,
,
,
,
,
,
,
,
,
,
,
,
,
,
,
,
,
,
,
,
,
,
,
,
,
,
,
,
,
,
,
,
,
,
,
,
,
,
,
,
,
,
,
,
,
,
,
,
,
,
,
,
,
,
,
,
,
,
,
,
,
,
,
,
,
,
,
,
,
,
,
,
,
,
,
,
,
,
,
,
,
,
,
,
,
,
,
,
,
,
ACTIVITY_SUMMON_DESC_99,
OSL_ANIMAL_TIPS,
,
,
,
,
,
,
,
,
,
,
,
,
,
,
,
,
,
,
,
,
,
,
,
,
,
,
,
,
,
WORLD_BOSS_SHOWTEXT_34,
WORLD_BOSS_SHOWTEXT_35,
,
,
,
,
,
,
,
,
,
,
ACTIVITY_TREASURE_BOSS_STEP,
,
,
,
,
,
,
,
,
,
,
,
,
,
,
ACTIVITY_SUMMON_DESC_101,
,
,
,
,
,
,
,
,
,
,
,
,
,
,
,
,
,
,
,
,
,
,
,
,
,
,
,
,
,
,
,
,
,
,
,
,
,
,
,
,
,
,
,
,
,
,
,
,
,
,
,
,
,
,
,
,
,
,
,
,
,
,
,
,
,
,
,
,
,
,
,
,
,
,
,
,
,
,
,
,
,
,
,
,
,
,
,
,
,
,
,
,
,
,
,
,
,
,
,
,
,
,
,
,
,
,
,
,
,
,
,
,
,
,
,
,
,
,
,
,
,
,
,
,
,
,
,
,
,
,
,
,
,
,
,
,
,
,
,
,
,
,
,
,
,
,
,
,
,
,
,
,
,
,
,
,
,
,
,
,
,
TREASURE_CONDITION_9,
TREASURE_CONDITION_10,
,
,
,
,
,
,
,
,
,
,
ACTIVITY_TREASURE_BOSS_BATTLE,
,
,
,
ACTIVITY_TREASURE_EXIT_EXCHANGE,
,
,
,
,
,
,
,
,
,
,
ACTIVITY_TREASURE_GOLD_NOT_ENOUGH,
,
,
,
,
,
,
,
,
,
,
,
,
,
,
,
,
,
ACTIVITY_SUMMON_DESC_102,
,
,
,
,
,
,
,
,
,
,
,
,
,
,
,
,
,
,
,
,
,
,
,
,
,
,
,
,
,
,
,
,
,
,
,
,
,
,
,
,
,
,
,
,
,
,
,
,
,
,
,
,
,
,
,
,
,
,
,
,
,
,
,
,
,
,
,
,
,
,
,
,
,
,
,
,
,
,
,
,
,
,
,
,
,
,
,
,
,
,
,
,
,
,
,
,
,
,
,
,
,
,
,
,
,
,
,
,
,
,
,
,
,
,
,
,
,
,
,
,
,
,
,
,
,
,
,
,
,
,
,
,
,
,
,
,
,
,
,
,
,
,
,
,
,
,
,
,
,
,
,
,
,
,
,
,
,
,
,
,
,
,
,
,
,
,
,
,
,
,
,
,
,
,
,
,
,
,
,
,
,
,
,
,
,
,
,
,
,
,
,
,
,
,
,
,
,
,
,
,
,
,
,
,
,
,
,
,
,
,
,
,
,
,
,
,
,
,
,
,
,
,
,
TTPW_ACHIEVEMENT_AWARD_MAIL_TITLE,
TTPW_ACHIEVEMENT_AWARD_MAIL_CONTENT,
TTPW_PROMOTION_GUESS_MAIL_TITLE,
TTPW_PROMOTION_GUESS_MAIL_CONTENT,
,
,
,
,
,
,
,
,
,
,
,
,
,
,
,
,
,
,
,
,
,
,
,
,
,
,
,
,
,
,
,
,
,
,
,
,
,
,
,
,
,
,
,
,
,
,
,
,
,
,
,
,
,
,
,
,
,
,
,
,
,
,
,
,
,
,
,
,
,
,
,
,
,
,
,
,
,
,
,
,
,
,
,
,
,
,
,
,
,
,
,
,
,
,
,
,
,
,
,
,
,
,
,
,
,
,
,
,
,
,
,
,
,
,
,
,
,
,
,
,
,
,
,
,
,
,
,
,
,
,
,
,
,
,
,
,
,
,
,
,
,
,
,
,
,
,
,
,
,
,
,
,
,
,
,
,
,
,
,
,
,
,
,
,
,
,
,
,
,
,
,
,
,
,
,
ACTIVITY_SUMMON_DESC_103,
,
,
,
,
,
,
,
,
,
,
,
,
,
,
,
,
,
,
,
,
,
,
,
,
,
,
,
,
,
,
,
,
,
,
,
,
,
,
,
,
,
,
,
,
,
,
,
,
,
,
,
,
,
,
,
,
,
,
,
,
,
,
,
,
,
,
,
,
,
,
,
,
Lv.400,
,
,
,
,
,
,
,
,
,
,
,
,
,
,
,
,
,
,
,
,
,
,
,
,
,
,
,
,
,
,
Lv.300,
,
,
,
,
,
,
,
,
,
,
,
,
,
,
,
,
,
,
,
,
,
,
,
,
,
,
Lv.200,
,
,
,
,
,
,
,
,
,
,
,
,
,
,
,
,
,
,
,
Lv.100,
,
,
,
,
,
,
,
,
,
,
,
,
,
,
,
,
,
,
,
,
,
,
,
TTPW_GUESS_TIPS,
,
HP,
,
,
,
,
,
,
,
,
,
,
,
,
,
,
,
,
,
,
,
,
,
,
,
,
,
,
,
,
,
TTPW_PROMOTION_NOTICE_MAIL_TITLE,
TTPW_PROMOTION_WINNER_NOTICE_MAIL_CONTENT,
,
,
,
,
,
,
,
,
,
,
,
,
,
,
,
,
,
,
,
,
,
,
,
,
,
,
,
,
,
,
,
TTPW_ACHIEVEMENT_16,
TTPW_ACHIEVEMENT_8,
TTPW_ACHIEVEMENT_4,
TTPW_ACHIEVEMENT_2,
TTPW_ACHIEVEMENT_1,
TTPW_PROMOTION_LOSER_NOTICE_MAIL_CONTENT,
,
,
,
,
,
,
,
,
,
,
,
,
,
,
,
,
VIP_CONTENT_FAST_FIGHT_BUY_COUNT,
VIP_CONTENT_GOLD_COIN_BUY_COUNT,
VIP_CONTENT_SHOP_MYS_ADV_ITEM_COUNT,
VIP_CONTENT_ADVENTURE_COUNT,
VIP_CONTENT_SKIP_BATTLE,
VIP_CONTENT_GUID_DUNGEON_BATTLE_COUNT,
VIP_CONTENT_SKY_STONE_BUY_COUNT,
VIP_CONTENT_TRIAL_COUNT,
VIP_CONTENT_WORLD_BOSS_FIGHT_COUNT,
VIP_CONTENT_WARCRAFT_CITY_NUM,
HOLIDAY_END_LESS_BOSS_TIPS,
END_LESS_COMPLETE_COUNT,
OUTLAND_MUSEUM_SHOP_REFRESH,
,
VIP_LEVEL,VIP {0}
YOU_ARE_IN_BLACK_LIST,
,
,
,
,
,
,
,
,
,
,
,
,
,
,
,
,
,
,
,
,
,
,
,
,
,
,
,
,
,
,
,
,
,
,
,
,
,
,
,
,
,
,
,
,
,
,
,
,
,
,
,
,
,
,
,
,
,
,
,
,
,
,
,
,
,
,
,
,
,
,
,
,
,
,
,
,
,
,
,
,
,
,
,
,
,
,
,
,
,
,
,
,
,
,
,
,
,
,
,
,
,
,
,
,
,
,
,
,
,
,
,
,
,
,
,
,
,
,
,
,
,
,
,
,
,
,
,
,
,
,
,
,
,
,
,
,
,
,
,
,
,
,
,
,
,
,
,
,
,
,
,
,
,
,
,
,
,
,
,
,
,
,
,
,
,
,
,
,
,
,
,
,
,
,
,
,
,
,
,
,
,
,
,
,
,
,
,
,
,
,
,
,
,
,
,
,
,
,
,
,
,
,
ACTIVITY_SUMMON_DESC_104,
,
,
,
,
,
,
,
,
,
,
,
,
,
,
,
,
,
,
,
,
,
,
,
,
,
,
RESONANCE_SPECIAL_ARMOR_TIPS,
SEVEN_SPECIAL_DEVOUR_TIPS,
SEVEN_SPECIAL_DEVOUR_EXP_OVERFLOW,
SEVEN_SPECIAL_ARMOR_LEFT_TIME,
,
,
,
,
,
,
,
,
,
,
ACTIVITY_SUMMON_DESC_105,
ACTIVITY_SUMMON_DESC_106,
ACTIVITY_SUMMON_DESC_107,
,
,
,
,
,
,
,
,
,
,
,
,
,
,
,
,
,
,
,
,
,
,
,
,
,
,
,
,
,
,
,
,
,
,
,
,
,
,
,
,
,
,
,
,
,
,
,
,
,
,
,
,
,
,
,
,
,
,
,
,
,
,
,
,
,
,
,
,
,
,
,
,
,
,
,
,
,
,
,
,
,
,
,
,
,
,
,
,
,
,
,
,
,
,
,
,
,
,
,
,
,
,
,
,
,
,
,
,
,
,
,
,
,
,
,
,
,
,
,
,
,
,
,
,
,
,
,
,
,
,
,
,
,
,
,
,
,
,
,
,
,
,
,
,
,
,
,
,
,
,
,
,
,
,
,
,
,
,
,
,
,
,
,
,
,
,
,
,
,
,
,
,
,
,
,
,
,
,
,
,
,
,
,
,
,
,
,
,
,
,
,
,
,
,
,
,
,
,
,
,
,
,
,
,
,
,
,
,
,
,
,
,
,
,
,
,
,
,
,
,
,
,
,
,
,
,
,
,
,
,
,
,
,
,
,
,
,
,
,
,
,
,
,
,
,
,
,
,
,
,
,
,
,
,
,
,
,
,
,
,
,
,
,
,
,
,
,
,
,
,
,
,
,
,
,
,
,
,
,
,
,
,
,
,
,
,
,
,
,
,
,
,
,
,
,
,
,
,
PVP_ENTRANCE_FZZQ,
,
FZZQ1,
FZZQ2,
FZZQ3,
FZZQ4,
FZZQ5,
FZZQ6,
,
,
,
,
,
,
,
,
,
,
,
,
,
,
,
,
,
,
,
,
,
,
,
,
,
,
,
,
,
,
,
,
,
,
,
,
,
,
,
,
,
,
,
,
,
,
,
,
,
,
,
,
,
,
,
,
,
,
,
,
,
,
,
,
,
,
,
,
,
,
,
,
,
,
,
,
,
,
,
,
,
,
,
,
,
,
,
,
,
,
,
,
,
,
,
,
,
,
,
,
,
,
,
,
,
,
,
,
,
,
,
,
,
,
,
,
,
,
,
,
,
,
,
,
,
,
,
,
,
,
,
,
,
,
,
,
,
,
,
,
,
,
,
,
,
,
,
,
,
,
,
,
,
,
,
,
,
,
,
,
,
,
,
,
,
,
,
,
,
,
,
,
,
,
,
,
,
,
,
,
,
,
,
,
,
,
,
,
,
,
,
,
,
,
,
,
,
,
,
,
,
,
,
,
,
,
,
,
,
,
,
,
,
,
,
,
,
,
,
,
,
,
,
,
,
,
,
,
,
,
,
,
,
,
,
,
,
,
,
,
,
,
,
,
,
,
,
,
,
,
,
,
,
,
,
,
,
,
,
,
,
,
,
,
,
,
,
,
,
,
,
,
,
,
,
,
,
,
,
,
,
,
,
,
,
,
,
,
,
,
,
,
,
,
,
,
,
,
,
,
,
,
,
,
,
,
,
,
,
,
,
WORLD_BOSS_SHOWTEXT_36,
WORLD_BOSS_SHOWTEXT_37,
,
,
,
ACTIVITY_SUMMON_DESC_108,
ACTIVITY_SUMMON_DESC_109,
,
,
,
,
,
,
,
,
,
,
,
,
,
,
,
,
FZZQ,
,
,
,
,
,
,
,
FZZQ_PROMOTION_GUESS_MAIL_TITLE,
FZZQ_PROMOTION_GUESS_MAIL_CONTENT,
FZZQ_ACHIEVEMENT_AWARD_MAIL_TITLE,
FZZQ_ACHIEVEMENT_AWARD_MAIL_CONTENT,
FZZQ_PROMOTION_WINNER_NOTICE_MAIL_CONTENT,
FZZQ_PROMOTION_LOSER_NOTICE_MAIL_CONTENT,
FZZQ_POINT_MAIL_TITLE,
FZZQ_POINT_MAIL_CONTENT,
FZZQ_PROMOTION_NOTICE_MAIL_TITLE,
TREASURE_CONDITION_11,
,
,
,
,
,
,
,
,
FZZQ_GROUP,
,
,
,
,
,
,
,
,
,
,
,
,
,
,
,
,
,
,
,
,
,
,
RANK,
,
,
,
,
,
,
,
,
,
,
,
,
,
,
,
,
,
TREVIFOUNTAIN_UNLOCK,
TREVIFOUNTAIN_GETED,
TREVIFOUNTAIN_WISH_LOCK,
TREVIFOUNTAIN_CHOOSE_GIFT,
,
,
,
,
,
,
,
,
,
,
,
,
,
,
,
,
,
,
,
,
,
,
,
,
,
,
,
,
,
,
,
,
,
,
,
,
,
,
,
,
,
,
,
,
,
,
,
,
,
,
,
,
,
,
,
,
,
,
,
,
,
,
,
,
,
,
,
,
,
,
,
,
,
,
,
,
,
,
,
,
,
,
,
,
,
,
,
,
,
,
,
,
,
,
,
,
,
,
,
,
,
,
,
,
,
,
,
,
,
,
,
,
,
,
,
,
ACTIVITY_SUMMON_DESC_110,
,
,
,
,
,
,
,
,
,
,
,
,
,
,
,
,
,
,
,
,
,
,
,
,
,
,
,
,
,
,
,
,
,
,
,
ACTIVITY_HOLIDAY_LOTTERY_DROP_BOTTOM_TIPS,
,
,
,
,
,
,
,
,
,
,
,
,
,
,
,
,
,
,
,
,
,
